file	line	reference	status
analysis/allosteric_orthosteric_preprocessing_v1/scripts/build_uncontrolled_allosteric_orthosteric.py	38	18.Structure_known/4.Evaluate_Orthosteric_LowScore_Enrichment.py	dynamic_or_external_source_reference
analysis/allosteric_orthosteric_preprocessing_v1/scripts/build_uncontrolled_allosteric_orthosteric.py	51	analysis/kinetic_allostery_model_v1/scripts/extract_k03_brenda_parameters.py	exact_path_included
analysis/allosteric_orthosteric_preprocessing_v1/scripts/finalize_uncontrolled_package.py	35	*.py	dynamic_or_external_source_reference
analysis/kinetic_allostery_model_v1/scripts/extract_k03_brenda_parameters.py	1447	validate_k03_brenda_parameters.py	basename_included_path_resolution_not_proven
analysis/kinetic_allostery_model_v1/scripts/validate_k03_brenda_parameters.py	82	scripts/extract_k03_brenda_parameters.py	basename_included_path_resolution_not_proven
analysis/new_pairing_control_ladder/scripts/build_broad_structure_graphs.py	31	scripts/build_structure_graphs.py	basename_included_path_resolution_not_proven
analysis/new_pairing_control_ladder/scripts/train_control_ladder.py	43	analysis/new_pairing_d1_pilot/scripts/train_family_model_pilot.py	exact_path_included
analysis/allosteric_pair_benchmark_main/scripts/write_release_manifest.py	27	scripts/build_aligned_target_chains.py	basename_included_path_resolution_not_proven
analysis/allosteric_pair_benchmark_main/scripts/write_release_manifest.py	27	scripts/prepare_cpu_release.py	basename_included_path_resolution_not_proven
analysis/allosteric_pair_benchmark_main/scripts/write_release_manifest.py	28	scripts/validate_target_chain_embeddings.py	basename_included_path_resolution_not_proven
analysis/allosteric_pair_benchmark_main/scripts/write_release_manifest.py	28	scripts/embed_target_chains_gpu.sh	basename_included_path_resolution_not_proven
analysis/allosteric_pair_benchmark_main/scripts/write_release_manifest.py	29	scripts/prepare_exact_gpu_inputs.py	basename_included_path_resolution_not_proven
analysis/allosteric_pair_benchmark_main/scripts/write_release_manifest.py	30	scripts/train_main_benchmark.py	basename_included_path_resolution_not_proven
analysis/allosteric_pair_benchmark_main/scripts/write_release_manifest.py	30	scripts/aggregate_main_results.py	basename_included_path_resolution_not_proven
analysis/allosteric_pair_benchmark_main/scripts/write_release_manifest.py	31	scripts/bootstrap_oof.py	basename_included_path_resolution_not_proven
analysis/allosteric_pair_benchmark_main/scripts/write_release_manifest.py	31	scripts/render_main_figure.py	basename_included_path_resolution_not_proven
analysis/allosteric_pair_benchmark_main/scripts/write_release_manifest.py	31	scripts/write_release_manifest.py	basename_included_path_resolution_not_proven
analysis/allosteric_pair_benchmark_main/scripts/write_release_manifest.py	32	scripts/send_gpu_main.sh	dynamic_or_external_source_reference
analysis/allosteric_pair_benchmark_main/scripts/write_release_manifest.py	32	scripts/run_gpu_main.sh	basename_included_path_resolution_not_proven
analysis/allosteric_pair_benchmark_main/scripts/write_release_manifest.py	32	scripts/fetch_gpu_main.sh	dynamic_or_external_source_reference
analysis/allosteric_pair_benchmark_main/scripts/write_release_manifest.py	33	tests/test_metric_consistency.py	basename_included_path_resolution_not_proven
analysis/allosteric_pair_benchmark_main/scripts/write_release_manifest.py	33	tests/test_coordinate_contract.py	basename_included_path_resolution_not_proven
analysis/allosteric_pair_benchmark_broad_superset/scripts/aggregate_pool_comparison.py	23	analysis/allosteric_pair_benchmark_main/scripts/aggregate_main_results.py	exact_path_included
analysis/allosteric_pair_benchmark_broad_superset/scripts/bootstrap_pool_delta.py	25	analysis/allosteric_pair_benchmark_main/scripts/bootstrap_oof.py	exact_path_included
analysis/allosteric_pair_benchmark_broad_superset/scripts/build_broad_superset_cpu.py	42	analysis/allosteric_pair_benchmark_main/scripts/build_aligned_target_chains.py	exact_path_included
analysis/allosteric_pair_benchmark_broad_superset/scripts/prepare_broad_gpu_inputs.py	31	analysis/allosteric_pair_benchmark_main/scripts/prepare_exact_gpu_inputs.py	exact_path_included
analysis/allosteric_pair_benchmark_broad_superset/scripts/train_broad_superset.py	47	analysis/allosteric_pair_benchmark_main/scripts/train_main_benchmark.py	exact_path_included
analysis/allosteric_pair_benchmark_broad_superset/scripts/train_broad_superset.py	167	analysis/allosteric_pair_benchmark_main/scripts/train_main_benchmark.py	exact_path_included
analysis/allosteric_pair_benchmark_broad_superset/scripts/write_manifest.py	49	*.py	dynamic_or_external_source_reference
analysis/allosteric_pair_benchmark_broad_superset/scripts/write_manifest.py	50	*.sh	dynamic_or_external_source_reference
analysis/allosteric_pair_benchmark_main/tests/test_metric_consistency.py	15	{}.py	dynamic_or_external_source_reference
analysis/role_complete_pair_matrix/scripts/aggregate_chembl.py	87	scripts/infer_chembl.py	basename_included_path_resolution_not_proven
analysis/role_complete_pair_matrix/scripts/aggregate_matrix.py	74	analysis/role_complete_pair_matrix/scripts/model_definitions.py	exact_path_included
analysis/role_complete_pair_matrix/scripts/aggregate_matrix.py	77	analysis/allosteric_pair_benchmark_main/scripts/train_main_benchmark.py	exact_path_included
analysis/role_complete_pair_matrix/scripts/aggregate_matrix.py	80	analysis/role_complete_pair_matrix/scripts/train_matrix.py	exact_path_included
analysis/role_complete_pair_matrix/scripts/build_cpu_contract.py	818	analysis/allosteric_pair_benchmark_main/scripts/train_main_benchmark.py	exact_path_included
analysis/role_complete_pair_matrix/scripts/build_cpu_contract.py	815	*.py	dynamic_or_external_source_reference
analysis/role_complete_pair_matrix/scripts/build_cpu_contract.py	816	*.sh	dynamic_or_external_source_reference
analysis/role_complete_pair_matrix/scripts/gpu_preflight.py	231	scripts/infer_chembl.py	basename_included_path_resolution_not_proven
analysis/role_complete_pair_matrix/scripts/gpu_preflight.py	234	scripts/model_definitions.py	basename_included_path_resolution_not_proven
analysis/role_complete_pair_matrix/scripts/infer_chembl.py	179	analysis/role_complete_pair_matrix/scripts/model_definitions.py	exact_path_included
analysis/role_complete_pair_matrix/scripts/infer_chembl.py	182	analysis/role_complete_pair_matrix/scripts/train_deploy_models.py	exact_path_included
analysis/role_complete_pair_matrix/scripts/infer_chembl.py	185	analysis/allosteric_pair_benchmark_main/scripts/train_main_benchmark.py	exact_path_included
analysis/role_complete_pair_matrix/scripts/infer_chembl.py	324	analysis/role_complete_pair_matrix/scripts/model_definitions.py	exact_path_included
analysis/role_complete_pair_matrix/scripts/infer_chembl.py	327	analysis/role_complete_pair_matrix/scripts/train_deploy_models.py	exact_path_included
analysis/role_complete_pair_matrix/scripts/infer_chembl.py	330	analysis/allosteric_pair_benchmark_main/scripts/train_main_benchmark.py	exact_path_included
analysis/role_complete_pair_matrix/scripts/infer_chembl.py	160	scripts/model_definitions.py	basename_included_path_resolution_not_proven
analysis/role_complete_pair_matrix/scripts/train_deploy_models.py	51	analysis/allosteric_pair_benchmark_main/scripts/train_main_benchmark.py	exact_path_included
analysis/role_complete_pair_matrix/scripts/train_deploy_models.py	90	analysis/role_complete_pair_matrix/scripts/model_definitions.py	exact_path_included
analysis/role_complete_pair_matrix/scripts/train_deploy_models.py	93	analysis/allosteric_pair_benchmark_main/scripts/train_main_benchmark.py	exact_path_included
analysis/role_complete_pair_matrix/scripts/train_deploy_models.py	96	analysis/role_complete_pair_matrix/scripts/train_matrix.py	exact_path_included
analysis/role_complete_pair_matrix/scripts/train_deploy_models.py	247	analysis/role_complete_pair_matrix/scripts/model_definitions.py	exact_path_included
analysis/role_complete_pair_matrix/scripts/train_deploy_models.py	250	analysis/role_complete_pair_matrix/scripts/train_deploy_models.py	exact_path_included
analysis/role_complete_pair_matrix/scripts/train_deploy_models.py	253	analysis/allosteric_pair_benchmark_main/scripts/train_main_benchmark.py	exact_path_included
analysis/role_complete_pair_matrix/scripts/train_matrix.py	104	analysis/allosteric_pair_benchmark_main/scripts/train_main_benchmark.py	exact_path_included
analysis/role_complete_pair_matrix/scripts/train_matrix.py	422	analysis/role_complete_pair_matrix/scripts/model_definitions.py	exact_path_included
analysis/role_complete_pair_matrix/scripts/train_matrix.py	425	analysis/allosteric_pair_benchmark_main/scripts/train_main_benchmark.py	exact_path_included
analysis/role_complete_pair_matrix/scripts/train_matrix.py	428	analysis/role_complete_pair_matrix/scripts/train_matrix.py	exact_path_included
analysis/explicit_double_unseen/scripts/check_contract.py	49	scripts/trainer_core.py	basename_included_path_resolution_not_proven
analysis/explicit_double_unseen/scripts/trainer_core.py	107	base_trainer.py	basename_included_path_resolution_not_proven
analysis/double_anchored_lofo/scripts/test_contract.py	14	.py	dynamic_or_external_source_reference
analysis/double_anchored_lofo/scripts/test_contract.py	16	.sh	dynamic_or_external_source_reference
analysis/double_anchored_lofo/scripts/test_pipeline.py	62	aggregate.py	basename_included_path_resolution_not_proven
analysis/ligand_anchored_benchmark/scripts/test_contract.py	13	.py	dynamic_or_external_source_reference
analysis/ligand_anchored_benchmark/scripts/test_contract.py	14	.sh	dynamic_or_external_source_reference
analysis/ligand_anchored_benchmark/scripts/test_pipeline.py	50	aggregate.py	basename_included_path_resolution_not_proven
analysis/ligand_anchored_benchmark/scripts/test_pipeline.py	56	transfer.py	basename_included_path_resolution_not_proven
analysis/murcko_holdout_extension/scripts/check_contract.py	72	scripts/trainer_core.py	basename_included_path_resolution_not_proven
analysis/murcko_holdout_extension/scripts/trainer_core.py	107	base_trainer.py	basename_included_path_resolution_not_proven
analysis/full_sequence_representation_pilot/scripts/build_cpu_contract.py	83	analysis/role_complete_pair_matrix/scripts/train_matrix.py	exact_path_included
analysis/full_sequence_representation_pilot/scripts/build_cpu_contract.py	84	analysis/role_complete_pair_matrix/scripts/model_definitions.py	exact_path_included
analysis/full_sequence_representation_pilot/scripts/build_cpu_contract.py	85	analysis/allosteric_pair_benchmark_main/scripts/train_main_benchmark.py	exact_path_included
analysis/full_sequence_representation_pilot/scripts/build_cpu_contract.py	238	.py	dynamic_or_external_source_reference
analysis/full_sequence_representation_pilot/scripts/build_cpu_contract.py	238	.sh	dynamic_or_external_source_reference
analysis/full_sequence_representation_pilot/scripts/gpu_preflight.py	173	analysis/role_complete_pair_matrix/scripts/model_definitions.py	exact_path_included
analysis/full_sequence_representation_pilot/scripts/train_full_sequence.py	219	scripts/train_matrix.py	basename_included_path_resolution_not_proven
analysis/full_sequence_representation_pilot/scripts/train_full_sequence.py	220	scripts/model_definitions.py	basename_included_path_resolution_not_proven
analysis/full_sequence_representation_pilot/scripts/train_full_sequence.py	221	analysis/allosteric_pair_benchmark_main/scripts/train_main_benchmark.py	exact_path_included
analysis/full_sequence_representation_pilot/scripts/train_full_sequence.py	271	scripts/train_full_sequence.py	basename_included_path_resolution_not_proven
analysis/full_sequence_representation_pilot/scripts/train_full_sequence.py	272	scripts/model_definitions.py	basename_included_path_resolution_not_proven
analysis/chembl_external_prioritization/scripts/infer_chembl.py	301	analysis/allosteric_pair_benchmark_main/scripts/train_main_benchmark.py	exact_path_included
analysis/chembl_external_prioritization/scripts/prepare_reference_gpu.py	78	scripts/prepare_exact_gpu_inputs.py	basename_included_path_resolution_not_proven
analysis/chembl_external_prioritization/scripts/train_deploy_models.py	49	scripts/train_main_benchmark.py	basename_included_path_resolution_not_proven
analysis/property_balanced_chembl/scripts/analyze_random_extension.py	65	analysis/allosteric_pair_benchmark_main/scripts/aggregate_main_results.py	exact_path_included
analysis/property_balanced_chembl/scripts/build_chembl_pocket_indices.py	46	analysis/allosteric_pair_benchmark_main/scripts/build_aligned_target_chains.py	exact_path_included
analysis/property_balanced_chembl/scripts/infer_chembl.py	775	scripts/infer_chembl.py	basename_included_path_resolution_not_proven
analysis/property_balanced_chembl/scripts/infer_chembl.py	778	analysis/allosteric_pair_benchmark_main/scripts/train_main_benchmark.py	exact_path_included
analysis/property_balanced_chembl/scripts/score_random_extension.py	67	scripts/train_main_benchmark.py	basename_included_path_resolution_not_proven
analysis/property_balanced_chembl/scripts/test_c3_subset_logic.py	158	infer_chembl.py	basename_included_path_resolution_not_proven
analysis/property_balanced_chembl/scripts/test_c3_subset_logic.py	159	aggregate_results.py	basename_included_path_resolution_not_proven
analysis/property_balanced_chembl/scripts/test_c3_subset_logic.py	162	infer_chembl.py	basename_included_path_resolution_not_proven
analysis/property_balanced_chembl/scripts/train_property_deploy.py	133	scripts/train_main_benchmark.py	basename_included_path_resolution_not_proven
analysis/property_balanced_chembl/scripts/train_random_extension.py	82	scripts/train_balanced_models.py	basename_included_path_resolution_not_proven
analysis/property_balanced_chembl/scripts/train_random_extension.py	84	scripts/train_main_benchmark.py	basename_included_path_resolution_not_proven
analysis/chembl_c3_appendon/scripts/aggregate_c3_appendon.py	295	*.py	dynamic_or_external_source_reference
analysis/chembl_c3_appendon/scripts/aggregate_c3_appendon.py	296	*.sh	dynamic_or_external_source_reference
analysis/chembl_c3_appendon/scripts/build_cpu_contract.py	51	scripts/build_cpu_contract.py	basename_included_path_resolution_not_proven
analysis/chembl_c3_appendon/scripts/build_cpu_contract.py	52	scripts/validate_cpu_contract.py	basename_included_path_resolution_not_proven
analysis/chembl_c3_appendon/scripts/build_cpu_contract.py	53	scripts/infer_c3_appendon.py	basename_included_path_resolution_not_proven
analysis/chembl_c3_appendon/scripts/build_cpu_contract.py	54	scripts/aggregate_c3_appendon.py	basename_included_path_resolution_not_proven
analysis/chembl_c3_appendon/scripts/build_cpu_contract.py	55	scripts/send_gpu_input.sh	dynamic_or_external_source_reference
analysis/chembl_c3_appendon/scripts/build_cpu_contract.py	56	scripts/run_gpu.sh	basename_included_path_resolution_not_proven
analysis/chembl_c3_appendon/scripts/build_cpu_contract.py	57	scripts/fetch_gpu_return.sh	dynamic_or_external_source_reference
analysis/chembl_c3_appendon/scripts/build_cpu_contract.py	58	analysis/role_complete_pair_matrix/scripts/infer_chembl.py	exact_path_included
analysis/chembl_c3_appendon/scripts/build_cpu_contract.py	59	analysis/role_complete_pair_matrix/scripts/model_definitions.py	exact_path_included
analysis/chembl_c3_appendon/scripts/build_cpu_contract.py	60	analysis/role_complete_pair_matrix/scripts/gpu_preflight.py	exact_path_included
analysis/chembl_c3_appendon/scripts/infer_c3_appendon.py	94	scripts/infer_chembl.py	basename_included_path_resolution_not_proven
analysis/chembl_c3_appendon/scripts/infer_c3_appendon.py	136	scripts/infer_chembl.py	basename_included_path_resolution_not_proven
analysis/chembl_c3_appendon/scripts/infer_c3_appendon.py	137	scripts/model_definitions.py	basename_included_path_resolution_not_proven
analysis/ligand_anchored_chembl/scripts/build_contract.py	4	shared.py	basename_included_path_resolution_not_proven
analysis/ligand_anchored_chembl/scripts/build_contract.py	4	build_contract.py	basename_included_path_resolution_not_proven
analysis/ligand_anchored_chembl/scripts/build_contract.py	4	runtime.py	basename_included_path_resolution_not_proven
analysis/ligand_anchored_chembl/scripts/build_contract.py	4	aggregate.py	basename_included_path_resolution_not_proven
analysis/ligand_anchored_chembl/scripts/build_contract.py	4	transfer.py	basename_included_path_resolution_not_proven
analysis/ligand_anchored_chembl/scripts/build_contract.py	4	status.py	basename_included_path_resolution_not_proven
analysis/ligand_anchored_chembl/scripts/build_contract.py	4	test_pipeline.py	basename_included_path_resolution_not_proven
analysis/ligand_anchored_chembl/scripts/build_contract.py	5	run_gpu.sh	basename_included_path_resolution_not_proven
analysis/ligand_anchored_chembl/scripts/build_contract.py	5	send_gpu_input.sh	dynamic_or_external_source_reference
analysis/ligand_anchored_chembl/scripts/build_contract.py	5	fetch_gpu_return.sh	dynamic_or_external_source_reference
analysis/ligand_anchored_chembl/scripts/build_contract.py	31	common.py	basename_included_path_resolution_not_proven
analysis/ligand_anchored_chembl/scripts/build_contract.py	31	metrics.py	basename_included_path_resolution_not_proven
analysis/ligand_anchored_chembl/scripts/build_contract.py	31	base_trainer.py	basename_included_path_resolution_not_proven
analysis/ligand_anchored_chembl/scripts/build_contract.py	31	model_definitions.py	basename_included_path_resolution_not_proven
analysis/ligand_anchored_chembl/scripts/build_contract.py	31	gpu_runtime.py	basename_included_path_resolution_not_proven
analysis/ligand_anchored_chembl/scripts/build_contract.py	31	queue_jobs.py	basename_included_path_resolution_not_proven
analysis/ligand_anchored_chembl/scripts/build_contract.py	33	scripts/infer_chembl.py	basename_included_path_resolution_not_proven
analysis/ligand_anchored_chembl/scripts/build_contract.py	33	scripts/model_definitions.py	basename_included_path_resolution_not_proven
analysis/ligand_anchored_chembl/scripts/runtime.py	12	scripts/infer_chembl.py	basename_included_path_resolution_not_proven
analysis/ligand_anchored_chembl/scripts/test_pipeline.py	9	shared.py	basename_included_path_resolution_not_proven
analysis/ligand_anchored_chembl/scripts/test_pipeline.py	9	build_contract.py	basename_included_path_resolution_not_proven
analysis/ligand_anchored_chembl/scripts/test_pipeline.py	9	runtime.py	basename_included_path_resolution_not_proven
analysis/ligand_anchored_chembl/scripts/test_pipeline.py	9	aggregate.py	basename_included_path_resolution_not_proven
analysis/ligand_anchored_chembl/scripts/test_pipeline.py	9	transfer.py	basename_included_path_resolution_not_proven
analysis/ligand_anchored_chembl/scripts/test_pipeline.py	9	status.py	basename_included_path_resolution_not_proven
analysis/ligand_anchored_chembl/scripts/test_pipeline.py	9	test_pipeline.py	basename_included_path_resolution_not_proven
analysis/ligand_anchored_chembl/scripts/test_pipeline.py	11	run_gpu.sh	basename_included_path_resolution_not_proven
analysis/ligand_anchored_chembl/scripts/test_pipeline.py	11	send_gpu_input.sh	dynamic_or_external_source_reference
analysis/ligand_anchored_chembl/scripts/test_pipeline.py	11	fetch_gpu_return.sh	dynamic_or_external_source_reference
analysis/chembl_four_cohort_completion/scripts/build_contract.py	32	scripts/infer_chembl.py	basename_included_path_resolution_not_proven
analysis/chembl_four_cohort_completion/scripts/build_contract.py	32	scripts/model_definitions.py	basename_included_path_resolution_not_proven
analysis/chembl_four_cohort_completion/scripts/build_contract.py	35	analysis/ligand_anchored_benchmark/scripts/model_definitions.py	exact_path_included
analysis/chembl_four_cohort_completion/scripts/build_contract.py	34	scripts/model_definitions.py	basename_included_path_resolution_not_proven
analysis/chembl_four_cohort_completion/scripts/runtime.py	9	scripts/infer_chembl.py	basename_included_path_resolution_not_proven
analysis/chembl_four_cohort_completion/scripts/test_pipeline.py	98	.py	dynamic_or_external_source_reference
analysis/ligand_chemistry_balancing/scripts/train_balanced_models.py	96	scripts/train_main_benchmark.py	basename_included_path_resolution_not_proven
analysis/ligand_chemistry_balancing/scripts/train_balanced_models.py	283	scripts/train_main_benchmark.py	basename_included_path_resolution_not_proven
analysis/chembl_competitive_docking_v2/scripts/prepare_inputs.py	238	prepare_inputs.py	basename_included_path_resolution_not_proven
analysis/chembl_competitive_docking_v2/scripts/run_docking_parallel.py	78	run_one_job.py	basename_included_path_resolution_not_proven
analysis/biolip_bayesian_ranking_revision/scripts/03_inventory_existing_structure_assets.py	515	analysis/enm_common.py	exact_path_included
analysis/biolip_bayesian_ranking_revision/scripts/07b_compare_likelihood_estimators.py	32	07_compare_ranking_features.py	basename_included_path_resolution_not_proven
analysis/biolip_bayesian_ranking_revision/scripts/08_evaluate_heldout_rankings.py	35	07b_compare_likelihood_estimators.py	basename_included_path_resolution_not_proven
analysis/biolip_bayesian_ranking_revision/scripts/08_evaluate_heldout_rankings.py	36	08a_prepare_heldout_splits.py	basename_included_path_resolution_not_proven
analysis/biolip_bayesian_ranking_revision/scripts/08a_prepare_heldout_splits.py	31	07b_compare_likelihood_estimators.py	basename_included_path_resolution_not_proven
analysis/biolip_consensus60_pipeline_v2/scripts/analysis_steps.py	9	scripts/08_evaluate_heldout_rankings.py	basename_included_path_resolution_not_proven
analysis/biolip_consensus60_pipeline_v2/scripts/freeze_package.py	30	common.py	basename_included_path_resolution_not_proven
analysis/biolip_consensus60_pipeline_v2/scripts/freeze_package.py	30	analysis_steps.py	basename_included_path_resolution_not_proven
analysis/biolip_consensus60_pipeline_v2/scripts/freeze_package.py	30	spatial.py	basename_included_path_resolution_not_proven
analysis/biolip_consensus60_pipeline_v2/scripts/freeze_package.py	30	run_pipeline.py	basename_included_path_resolution_not_proven
analysis/biolip_consensus60_pipeline_v2/scripts/freeze_package.py	30	validate_pipeline.py	basename_included_path_resolution_not_proven
analysis/biolip_consensus60_pipeline_v2/scripts/freeze_package.py	30	make_report.py	basename_included_path_resolution_not_proven
analysis/biolip_consensus60_pipeline_v2/scripts/freeze_package.py	30	test_pipeline.py	basename_included_path_resolution_not_proven
analysis/biolip_consensus60_pipeline_v2/scripts/freeze_package.py	30	freeze_package.py	basename_included_path_resolution_not_proven
analysis/biolip_consensus60_pipeline_v2/scripts/freeze_package.py	30	run_local.sh	basename_included_path_resolution_not_proven
analysis/biolip_consensus60_pipeline_v2/scripts/freeze_package.py	32	scripts/08_evaluate_heldout_rankings.py	basename_included_path_resolution_not_proven
analysis/biolip_consensus60_pipeline_v2/scripts/freeze_package.py	32	scripts/09c_compute_candidate_geometry.py	basename_included_path_resolution_not_proven
analysis/biolip_consensus60_pipeline_v2/scripts/freeze_package.py	36	scripts/test_pipeline.py	basename_included_path_resolution_not_proven
analysis/biolip_consensus60_pipeline_v2/scripts/freeze_package.py	43	scripts/run_pipeline.py	basename_included_path_resolution_not_proven
analysis/biolip_consensus60_pipeline_v2/scripts/freeze_package.py	49	scripts/run_local.sh	basename_included_path_resolution_not_proven
analysis/biolip_consensus60_pipeline_v2/scripts/run_pipeline.py	139	scripts/validate_pipeline.py	basename_included_path_resolution_not_proven
analysis/biolip_consensus60_pipeline_v2/scripts/run_pipeline.py	184	scripts/make_report.py	basename_included_path_resolution_not_proven
analysis/biolip_consensus60_pipeline_v2/scripts/run_pipeline.py	185	scripts/validate_pipeline.py	basename_included_path_resolution_not_proven
analysis/biolip_consensus60_pipeline_v2/scripts/spatial.py	9	scripts/09c_compute_candidate_geometry.py	basename_included_path_resolution_not_proven
analysis/biolip_consensus60_pipeline_v2/scripts/test_pipeline.py	31	08_evaluate_heldout_rankings.py	basename_included_path_resolution_not_proven
analysis/biolip_consensus60_pipeline_v2/scripts/test_pipeline.py	31	09c_compute_candidate_geometry.py	basename_included_path_resolution_not_proven
analysis/biolip_consensus60_pipeline_v2/scripts/test_pipeline.py	30	common.py	basename_included_path_resolution_not_proven
analysis/biolip_consensus60_pipeline_v2/scripts/test_pipeline.py	30	analysis_steps.py	basename_included_path_resolution_not_proven
analysis/biolip_consensus60_pipeline_v2/scripts/test_pipeline.py	30	spatial.py	basename_included_path_resolution_not_proven
analysis/biolip_consensus60_pipeline_v2/scripts/test_pipeline.py	30	run_pipeline.py	basename_included_path_resolution_not_proven
analysis/biolip_consensus60_pipeline_v2/scripts/test_pipeline.py	30	validate_pipeline.py	basename_included_path_resolution_not_proven
analysis/biolip_consensus60_pipeline_v2/scripts/test_pipeline.py	30	make_report.py	basename_included_path_resolution_not_proven
analysis/biolip_consensus60_pipeline_v2/scripts/test_pipeline.py	37	scripts/run_pipeline.py	basename_included_path_resolution_not_proven
analysis/biolip_consensus60_pipeline_v2/scripts/test_pipeline.py	84	scripts/validate_pipeline.py	basename_included_path_resolution_not_proven
analysis/biolip_consensus60_pipeline_v2/scripts/test_pipeline.py	91	scripts/validate_pipeline.py	basename_included_path_resolution_not_proven
analysis/biolip_neural_ranking_comparison/scripts/common.py	50	.py	dynamic_or_external_source_reference
analysis/biolip_neural_ranking_comparison/scripts/common.py	50	.sh	dynamic_or_external_source_reference
