file	line	flags
analysis/allosteric_orthosteric_preprocessing_v1/scripts/build_uncontrolled_allosteric_orthosteric.py	31	environment_specific_path
analysis/allosteric_orthosteric_preprocessing_v1/scripts/build_uncontrolled_allosteric_orthosteric.py	33	environment_specific_path
analysis/allosteric_orthosteric_preprocessing_v1/scripts/build_uncontrolled_allosteric_orthosteric.py	38	environment_specific_path
analysis/allosteric_orthosteric_preprocessing_v1/scripts/build_uncontrolled_allosteric_orthosteric.py	41	environment_specific_path
analysis/allosteric_orthosteric_preprocessing_v1/scripts/build_uncontrolled_allosteric_orthosteric.py	42	environment_specific_path
analysis/allosteric_orthosteric_preprocessing_v1/scripts/parse_gtop_orthosteric_references.py	28	environment_specific_path
analysis/allosteric_orthosteric_preprocessing_v1/scripts/parse_gtop_orthosteric_references.py	30	environment_specific_path
analysis/allosteric_orthosteric_preprocessing_v1/scripts/resolve_brenda_exact_structures.py	5	network_capable_code
analysis/allosteric_orthosteric_preprocessing_v1/scripts/resolve_brenda_exact_structures.py	31	environment_specific_path
analysis/allosteric_orthosteric_preprocessing_v1/scripts/resolve_brenda_exact_structures.py	64	network_capable_code
analysis/allosteric_orthosteric_preprocessing_v1/scripts/resolve_brenda_exact_structures.py	72	network_capable_code
analysis/allosteric_orthosteric_preprocessing_v1/scripts/validate_uncontrolled_allosteric_orthosteric.py	27	environment_specific_path
analysis/allosteric_orthosteric_preprocessing_v1/scripts/validate_uncontrolled_allosteric_orthosteric.py	28	environment_specific_path
analysis/allosteric_orthosteric_preprocessing_v1/scripts/validate_uncontrolled_allosteric_orthosteric.py	29	environment_specific_path
analysis/kinetic_allostery_model_v1/scripts/extract_k03_brenda_parameters.py	253	network_capable_code
analysis/new_pairing_control_ladder/scripts/build_broad_pregraph.py	14	environment_specific_path
analysis/new_pairing_control_ladder/scripts/build_broad_pregraph.py	15	environment_specific_path
analysis/new_pairing_control_ladder/scripts/build_broad_pregraph.py	16	environment_specific_path
analysis/new_pairing_control_ladder/scripts/build_broad_structure_graphs.py	16	environment_specific_path
analysis/new_pairing_control_ladder/scripts/build_broad_structure_graphs.py	17	environment_specific_path
analysis/new_pairing_control_ladder/scripts/build_broad_structure_graphs.py	18	environment_specific_path
analysis/new_pairing_control_ladder/scripts/build_control_stage_datasets.py	46	environment_specific_path
analysis/new_pairing_control_ladder/scripts/prepare_gpu_control_ladder.py	19	environment_specific_path
analysis/new_pairing_control_ladder/scripts/prepare_gpu_control_ladder.py	48	environment_specific_path
analysis/new_pairing_control_ladder/scripts/run_gpu_control_ladder.sh	4	environment_specific_path
analysis/new_pairing_control_ladder/scripts/train_control_ladder.py	23	environment_specific_path
analysis/allosteric_pair_benchmark_main/scripts/aggregate_main_results.py	17	environment_specific_path
analysis/allosteric_pair_benchmark_main/scripts/bootstrap_oof.py	17	environment_specific_path
analysis/allosteric_pair_benchmark_main/scripts/build_aligned_target_chains.py	38	environment_specific_path
analysis/allosteric_pair_benchmark_main/scripts/build_aligned_target_chains.py	39	environment_specific_path
analysis/allosteric_pair_benchmark_main/scripts/build_aligned_target_chains.py	364	environment_specific_path
analysis/allosteric_pair_benchmark_main/scripts/embed_target_chains_gpu.sh	7	environment_specific_path
analysis/allosteric_pair_benchmark_main/scripts/prepare_cpu_release.py	21	environment_specific_path
analysis/allosteric_pair_benchmark_main/scripts/prepare_cpu_release.py	22	environment_specific_path
analysis/allosteric_pair_benchmark_main/scripts/prepare_exact_gpu_inputs.py	12	network_capable_code
analysis/allosteric_pair_benchmark_main/scripts/prepare_exact_gpu_inputs.py	25	environment_specific_path
analysis/allosteric_pair_benchmark_main/scripts/prepare_exact_gpu_inputs.py	48	environment_specific_path
analysis/allosteric_pair_benchmark_main/scripts/prepare_exact_gpu_inputs.py	113	network_capable_code
analysis/allosteric_pair_benchmark_main/scripts/run_gpu_main.sh	4	environment_specific_path
analysis/allosteric_pair_benchmark_main/scripts/train_main_benchmark.py	29	environment_specific_path
analysis/allosteric_pair_benchmark_main/scripts/validate_target_chain_embeddings.py	20	environment_specific_path
analysis/allosteric_pair_benchmark_main/scripts/write_release_manifest.py	19	environment_specific_path
analysis/allosteric_pair_benchmark_broad_superset/scripts/aggregate_pool_comparison.py	18	environment_specific_path
analysis/allosteric_pair_benchmark_broad_superset/scripts/bootstrap_pool_delta.py	18	environment_specific_path
analysis/allosteric_pair_benchmark_broad_superset/scripts/build_broad_superset_cpu.py	29	environment_specific_path
analysis/allosteric_pair_benchmark_broad_superset/scripts/build_broad_superset_cpu.py	30	environment_specific_path
analysis/allosteric_pair_benchmark_broad_superset/scripts/build_broad_superset_cpu.py	31	environment_specific_path
analysis/allosteric_pair_benchmark_broad_superset/scripts/embed_extra_target_chains_gpu.sh	4	environment_specific_path
analysis/allosteric_pair_benchmark_broad_superset/scripts/prepare_broad_gpu_inputs.py	24	environment_specific_path
analysis/allosteric_pair_benchmark_broad_superset/scripts/run_gpu_broad_superset.sh	4	environment_specific_path
analysis/allosteric_pair_benchmark_broad_superset/scripts/train_broad_superset.py	26	environment_specific_path
analysis/allosteric_pair_benchmark_broad_superset/scripts/validate_cpu_bundle.py	16	environment_specific_path
analysis/allosteric_pair_benchmark_broad_superset/scripts/validate_extra_target_embeddings.py	20	environment_specific_path
analysis/allosteric_pair_benchmark_broad_superset/scripts/validate_split_design_cpu.py	21	environment_specific_path
analysis/allosteric_pair_benchmark_broad_superset/scripts/write_manifest.py	13	environment_specific_path
analysis/new_pairing_d1_pilot/scripts/train_family_model_pilot.py	27	environment_specific_path
analysis/new_pairing_d1_pilot/scripts/build_structure_graphs.py	25	environment_specific_path
analysis/new_pairing_d1_pilot/scripts/build_structure_graphs.py	26	environment_specific_path
analysis/new_pairing_d1_pilot/scripts/build_structure_graphs.py	27	environment_specific_path
analysis/role_complete_pair_matrix/scripts/aggregate_chembl.py	42	environment_specific_path
analysis/role_complete_pair_matrix/scripts/aggregate_matrix.py	48	environment_specific_path
analysis/role_complete_pair_matrix/scripts/analyze_matrix_patterns.py	28	environment_specific_path
analysis/role_complete_pair_matrix/scripts/bootstrap_matrix.py	25	environment_specific_path
analysis/role_complete_pair_matrix/scripts/build_cpu_contract.py	80	environment_specific_path
analysis/role_complete_pair_matrix/scripts/bundle_fit_audit.py	30	environment_specific_path
analysis/role_complete_pair_matrix/scripts/gpu_preflight.py	43	environment_specific_path
analysis/role_complete_pair_matrix/scripts/infer_chembl.py	36	environment_specific_path
analysis/role_complete_pair_matrix/scripts/run_gpu.sh	4	environment_specific_path
analysis/role_complete_pair_matrix/scripts/train_deploy_models.py	43	environment_specific_path
analysis/role_complete_pair_matrix/scripts/train_matrix.py	54	environment_specific_path
analysis/explicit_double_unseen/scripts/base_trainer.py	29	environment_specific_path
analysis/explicit_double_unseen/scripts/gpu_preflight.py	12	environment_specific_path
analysis/explicit_double_unseen/scripts/trainer_core.py	57	environment_specific_path
analysis/double_anchored_lofo/scripts/base_trainer.py	29	environment_specific_path
analysis/double_anchored_lofo/scripts/common.py	124	environment_specific_path
analysis/ligand_anchored_benchmark/scripts/base_trainer.py	29	environment_specific_path
analysis/ligand_anchored_benchmark/scripts/common.py	143	environment_specific_path
analysis/murcko_holdout_extension/scripts/base_trainer.py	29	environment_specific_path
analysis/murcko_holdout_extension/scripts/gpu_preflight.py	13	environment_specific_path
analysis/murcko_holdout_extension/scripts/trainer_core.py	57	environment_specific_path
analysis/full_sequence_representation_pilot/scripts/aggregate_pilot.py	210	environment_specific_path
analysis/full_sequence_representation_pilot/scripts/embed_full_sequences_gpu.sh	4	environment_specific_path
analysis/full_sequence_representation_pilot/scripts/gpu_preflight.py	62	environment_specific_path
analysis/full_sequence_representation_pilot/scripts/run_gpu.sh	4	environment_specific_path
analysis/full_sequence_representation_pilot/scripts/stitch_full_sequence_embeddings.py	76	environment_specific_path
analysis/full_sequence_representation_pilot/scripts/train_full_sequence.py	35	environment_specific_path
analysis/chembl_external_prioritization/scripts/aggregate_chembl_results.py	21	environment_specific_path
analysis/chembl_external_prioritization/scripts/build_cpu_contract.py	16	environment_specific_path
analysis/chembl_external_prioritization/scripts/build_cpu_contract.py	17	environment_specific_path
analysis/chembl_external_prioritization/scripts/infer_chembl.py	24	environment_specific_path
analysis/chembl_external_prioritization/scripts/prepare_reference_gpu.py	23	environment_specific_path
analysis/chembl_external_prioritization/scripts/prepare_reference_gpu.py	44	environment_specific_path
analysis/chembl_external_prioritization/scripts/run_gpu_chembl.sh	4	environment_specific_path
analysis/chembl_external_prioritization/scripts/train_deploy_models.py	21	environment_specific_path
analysis/chembl_external_prioritization/scripts/validate_cpu_bundle.py	13	environment_specific_path
analysis/chembl_external_prioritization/scripts/write_manifest.py	19	environment_specific_path
analysis/property_balanced_chembl/scripts/aggregate_results.py	24	environment_specific_path
analysis/property_balanced_chembl/scripts/analyze_random_extension.py	58	environment_specific_path
analysis/property_balanced_chembl/scripts/build_chembl_pocket_indices.py	26	environment_specific_path
analysis/property_balanced_chembl/scripts/build_chembl_pocket_indices.py	29	environment_specific_path
analysis/property_balanced_chembl/scripts/build_chembl_pocket_indices.py	32	environment_specific_path
analysis/property_balanced_chembl/scripts/build_pfam_novelty_cache.py	287	environment_specific_path
analysis/property_balanced_chembl/scripts/embed_chembl_target_chains_gpu.sh	6	environment_specific_path
analysis/property_balanced_chembl/scripts/freeze_c3_deploy_epoch.py	22	environment_specific_path
analysis/property_balanced_chembl/scripts/infer_chembl.py	52	environment_specific_path
analysis/property_balanced_chembl/scripts/run_gpu.sh	4	environment_specific_path
analysis/property_balanced_chembl/scripts/score_random_extension.py	51	environment_specific_path
analysis/property_balanced_chembl/scripts/train_property_deploy.py	44	environment_specific_path
analysis/property_balanced_chembl/scripts/train_random_extension.py	46	environment_specific_path
analysis/property_balanced_chembl/scripts/validate_chembl_c3_readiness.py	32	environment_specific_path
analysis/property_balanced_chembl/scripts/validate_chembl_c3_readiness.py	35	environment_specific_path
analysis/property_balanced_chembl/scripts/validate_chembl_target_chain_embeddings.py	21	environment_specific_path
analysis/property_balanced_chembl/scripts/validate_family_novelty.py	40	environment_specific_path
analysis/property_balanced_chembl/scripts/validate_random_extension.py	11	environment_specific_path
analysis/chembl_c3_appendon/scripts/build_cpu_contract.py	22	environment_specific_path
analysis/chembl_c3_appendon/scripts/infer_c3_appendon.py	39	environment_specific_path
analysis/chembl_c3_appendon/scripts/run_gpu.sh	4	environment_specific_path
analysis/chembl_four_cohort_completion/scripts/common.py	34	environment_specific_path
analysis/ligand_chemistry_balancing/scripts/train_balanced_models.py	27	environment_specific_path
analysis/chembl_competitive_docking_v2/scripts/prepare_inputs.py	72	network_capable_code
analysis/biolip_bayesian_ranking_revision/scripts/01_freeze_orthosteric_sources.py	16	environment_specific_path
analysis/biolip_bayesian_ranking_revision/scripts/02_apply_biolip_manual_audit.py	21	environment_specific_path
analysis/biolip_bayesian_ranking_revision/scripts/03_inventory_existing_structure_assets.py	27	environment_specific_path
analysis/biolip_bayesian_ranking_revision/scripts/03_inventory_existing_structure_assets.py	28	environment_specific_path
analysis/biolip_bayesian_ranking_revision/scripts/04a_build_exact_observation_master.py	41	environment_specific_path
analysis/biolip_bayesian_ranking_revision/scripts/04a_build_exact_observation_master.py	42	environment_specific_path
analysis/biolip_bayesian_ranking_revision/scripts/04b_validate_cached_author_mapping.py	28	environment_specific_path
analysis/biolip_bayesian_ranking_revision/scripts/04c_finalize_checkpoint4.py	15	environment_specific_path
analysis/biolip_bayesian_ranking_revision/scripts/05_link_exact_site_references.py	39	environment_specific_path
analysis/biolip_bayesian_ranking_revision/scripts/05_validate_exact_site_references.py	14	environment_specific_path
analysis/biolip_bayesian_ranking_revision/scripts/06_compare_and_freeze_distance.py	32	environment_specific_path
analysis/biolip_bayesian_ranking_revision/scripts/06_compare_and_freeze_distance.py	42	environment_specific_path
analysis/biolip_bayesian_ranking_revision/scripts/06_compare_and_freeze_distance.py	60	environment_specific_path
analysis/biolip_bayesian_ranking_revision/scripts/06_validate_distance_definition.py	17	environment_specific_path
analysis/biolip_bayesian_ranking_revision/scripts/06a_fetch_missing_reference_coordinates.py	18	environment_specific_path
analysis/biolip_bayesian_ranking_revision/scripts/06a_fetch_missing_reference_coordinates.py	41	network_capable_code
analysis/biolip_bayesian_ranking_revision/scripts/07_compare_ranking_features.py	25	environment_specific_path
analysis/biolip_bayesian_ranking_revision/scripts/07_validate_feature_ablation.py	18	environment_specific_path
analysis/biolip_bayesian_ranking_revision/scripts/07a_compute_reference_ligand_descriptors.py	17	environment_specific_path
analysis/biolip_bayesian_ranking_revision/scripts/07b_compare_likelihood_estimators.py	21	environment_specific_path
analysis/biolip_bayesian_ranking_revision/scripts/07b_validate_likelihood_estimators.py	19	environment_specific_path
analysis/biolip_bayesian_ranking_revision/scripts/08_evaluate_heldout_rankings.py	21	environment_specific_path
analysis/biolip_bayesian_ranking_revision/scripts/08_validate_heldout_rankings.py	19	environment_specific_path
analysis/biolip_bayesian_ranking_revision/scripts/08a_prepare_heldout_splits.py	21	environment_specific_path
analysis/biolip_bayesian_ranking_revision/scripts/08a_validate_heldout_splits.py	16	environment_specific_path
analysis/biolip_bayesian_ranking_revision/scripts/09_validate_unlabelled_rankings.py	15	environment_specific_path
analysis/biolip_bayesian_ranking_revision/scripts/09a_prepare_unlabelled_universe.py	22	environment_specific_path
analysis/biolip_bayesian_ranking_revision/scripts/09b_fetch_candidate_assets.py	25	environment_specific_path
analysis/biolip_bayesian_ranking_revision/scripts/09b_fetch_candidate_assets.py	42	environment_specific_path
analysis/biolip_bayesian_ranking_revision/scripts/09b_fetch_candidate_assets.py	104	network_capable_code
analysis/biolip_bayesian_ranking_revision/scripts/09c_compute_candidate_geometry.py	30	environment_specific_path
analysis/biolip_bayesian_ranking_revision/scripts/09d_compute_candidate_descriptors.py	17	environment_specific_path
analysis/biolip_bayesian_ranking_revision/scripts/09e_score_unlabelled_rankings.py	27	environment_specific_path
analysis/biolip_bayesian_ranking_revision/scripts/10_filter_ranked_candidates.py	23	environment_specific_path
analysis/biolip_bayesian_ranking_revision/scripts/10_validate_candidate_filtering.py	14	environment_specific_path
analysis/biolip_consensus60_pipeline_v2/scripts/run_local.sh	3	environment_specific_path
analysis/biolip_consensus60_pipeline_v2/scripts/run_local.sh	4	environment_specific_path
