stage	package	role	source_path	release_path	sha256	bytes
01	allosteric_orthosteric_preprocessing_v1	implementation	analysis/allosteric_orthosteric_preprocessing_v1/scripts/build_uncontrolled_allosteric_orthosteric.py	source/analysis/allosteric_orthosteric_preprocessing_v1/scripts/build_uncontrolled_allosteric_orthosteric.py	968738a7af851bb48ace24e038456e9a1d196926b035486fed5357ad707d14e2	48043
01	allosteric_orthosteric_preprocessing_v1	implementation	analysis/allosteric_orthosteric_preprocessing_v1/scripts/finalize_uncontrolled_package.py	source/analysis/allosteric_orthosteric_preprocessing_v1/scripts/finalize_uncontrolled_package.py	cf847f65ab463ea053f96ee961a527229e66c69489f1f22631b96cb4522d3a85	4447
01	allosteric_orthosteric_preprocessing_v1	implementation	analysis/allosteric_orthosteric_preprocessing_v1/scripts/parse_gtop_orthosteric_references.py	source/analysis/allosteric_orthosteric_preprocessing_v1/scripts/parse_gtop_orthosteric_references.py	c18d9078c2876685e75cc0c7fd91f954119e7e024ac45b9f01f3b5a8b3b059d8	16952
01	allosteric_orthosteric_preprocessing_v1	implementation	analysis/allosteric_orthosteric_preprocessing_v1/scripts/resolve_brenda_exact_structures.py	source/analysis/allosteric_orthosteric_preprocessing_v1/scripts/resolve_brenda_exact_structures.py	00e0ccdfd53fa7c0b97b4a5e3bf632c8f106940891cd26a8f0579641075af781	13169
01	allosteric_orthosteric_preprocessing_v1	implementation	analysis/allosteric_orthosteric_preprocessing_v1/scripts/validate_uncontrolled_allosteric_orthosteric.py	source/analysis/allosteric_orthosteric_preprocessing_v1/scripts/validate_uncontrolled_allosteric_orthosteric.py	04b4d1cf1c0fed81d530a548dff6b1d65dc7c2e3ece1f733dc290b54e7b279ca	21466
01	allosteric_orthosteric_preprocessing_v1	historical_environment_or_contract	analysis/allosteric_orthosteric_preprocessing_v1/README.md	source/analysis/allosteric_orthosteric_preprocessing_v1/README.md	3b650fe1f10a5afa7d4fbc772d2439fe27e901e321c9fb52672863aa2eeab5ac	699
01	allosteric_orthosteric_preprocessing_v1_participant_kegg_expansion	implementation	analysis/allosteric_orthosteric_preprocessing_v1_participant_kegg_expansion/scripts/01_build_candidate_universe.py	source/analysis/allosteric_orthosteric_preprocessing_v1_participant_kegg_expansion/scripts/01_build_candidate_universe.py	55d43076edda40d7e0239056066691553dec7abad5885ec5929c3860e56679dc	6489
01	allosteric_orthosteric_preprocessing_v1_participant_kegg_expansion	implementation	analysis/allosteric_orthosteric_preprocessing_v1_participant_kegg_expansion/scripts/02_resolve_chebi_structures.py	source/analysis/allosteric_orthosteric_preprocessing_v1_participant_kegg_expansion/scripts/02_resolve_chebi_structures.py	32e32bf70c88197777b4e19e88c596221b72441d10a13e612d3e52bf6f03aad5	7393
01	allosteric_orthosteric_preprocessing_v1_participant_kegg_expansion	implementation	analysis/allosteric_orthosteric_preprocessing_v1_participant_kegg_expansion/scripts/03_build_expansion_pairs.py	source/analysis/allosteric_orthosteric_preprocessing_v1_participant_kegg_expansion/scripts/03_build_expansion_pairs.py	3e4fcce85cdbe0e9400f6c0fb4c52fd16547d94ab94819e2793568632b2b5dc9	11378
01	allosteric_orthosteric_preprocessing_v1_participant_kegg_expansion	implementation	analysis/allosteric_orthosteric_preprocessing_v1_participant_kegg_expansion/scripts/04_validate_expansion.py	source/analysis/allosteric_orthosteric_preprocessing_v1_participant_kegg_expansion/scripts/04_validate_expansion.py	946140af29afb35d2a6d5f48980e8cc9e7010cc44e5a1ac8dcf04855e92f75cd	12244
01	allosteric_orthosteric_preprocessing_v1_participant_kegg_expansion	implementation	analysis/allosteric_orthosteric_preprocessing_v1_participant_kegg_expansion/scripts/05_depth_metrics.py	source/analysis/allosteric_orthosteric_preprocessing_v1_participant_kegg_expansion/scripts/05_depth_metrics.py	381f853ddfee807b816e5ed9cb4765ccfdbd72cfe857827282383dfe35d5db6c	4138
01	allosteric_orthosteric_preprocessing_v1_participant_kegg_expansion	implementation	analysis/allosteric_orthosteric_preprocessing_v1_participant_kegg_expansion/scripts/06_write_checksum_manifest.py	source/analysis/allosteric_orthosteric_preprocessing_v1_participant_kegg_expansion/scripts/06_write_checksum_manifest.py	f651fe01dbead9754ea38d4f2d7d90ecfeabc3931934f3c8e39a35c638d322d4	1073
01	allosteric_orthosteric_preprocessing_v1_participant_kegg_expansion	implementation	analysis/allosteric_orthosteric_preprocessing_v1_participant_kegg_expansion/scripts/common.py	source/analysis/allosteric_orthosteric_preprocessing_v1_participant_kegg_expansion/scripts/common.py	b3372ed06689b25901877d1b6fa2d29f5b701f8f0f4462450b42a9f4e3ad7052	8234
01	allosteric_orthosteric_preprocessing_v1_participant_kegg_expansion	historical_environment_or_contract	analysis/allosteric_orthosteric_preprocessing_v1_participant_kegg_expansion/README.md	source/analysis/allosteric_orthosteric_preprocessing_v1_participant_kegg_expansion/README.md	8e81bc6df1f796d954703905b3fae95de948494f9c0cb63d96a6f3c9055432b6	3553
01	kinetic_allostery_model_v1	shared_dependency	analysis/kinetic_allostery_model_v1/scripts/extract_k03_brenda_parameters.py	source/analysis/kinetic_allostery_model_v1/scripts/extract_k03_brenda_parameters.py	e898baf1ee8fb5489bc4c6e8c144a162c2d1ddbb6c678e53c40a7417f06c8153	70842
01	kinetic_allostery_model_v1	shared_dependency	analysis/kinetic_allostery_model_v1/scripts/validate_k03_brenda_parameters.py	source/analysis/kinetic_allostery_model_v1/scripts/validate_k03_brenda_parameters.py	23f62c9ee3222e3cf5a380e8d76a49b1ecf32786a99bc114933252967e53c9f8	13328
02	new_pairing_control_ladder	implementation	analysis/new_pairing_control_ladder/scripts/build_broad_pregraph.py	source/analysis/new_pairing_control_ladder/scripts/build_broad_pregraph.py	2968a80b153230c8a291045ecbd40ffac499df806b9282514ca12f6bf6eab170	7940
02	new_pairing_control_ladder	implementation	analysis/new_pairing_control_ladder/scripts/build_broad_structure_graphs.py	source/analysis/new_pairing_control_ladder/scripts/build_broad_structure_graphs.py	e32565c9286de63c7c26faa4b33527a4a98c6236215b0e25e6b65bb0ade30d6b	9930
02	new_pairing_control_ladder	implementation	analysis/new_pairing_control_ladder/scripts/build_control_stage_datasets.py	source/analysis/new_pairing_control_ladder/scripts/build_control_stage_datasets.py	02076d43d0ac701fdfc825ae0123629f1c0f7f90d12463b0940d272c53def09b	15827
02	new_pairing_control_ladder	implementation	analysis/new_pairing_control_ladder/scripts/prepare_gpu_control_ladder.py	source/analysis/new_pairing_control_ladder/scripts/prepare_gpu_control_ladder.py	b89cd6dbbeb1ac2dc73a23f88106d854155c6632c3e6dd45b893c47168f07540	13536
02	new_pairing_control_ladder	implementation	analysis/new_pairing_control_ladder/scripts/run_gpu_control_ladder.sh	source/analysis/new_pairing_control_ladder/scripts/run_gpu_control_ladder.sh	32a502bead44e0b57b82daf86837defe268623d04017d05193b4f1d38b5fd0b3	4221
02	new_pairing_control_ladder	implementation	analysis/new_pairing_control_ladder/scripts/train_control_ladder.py	source/analysis/new_pairing_control_ladder/scripts/train_control_ladder.py	bf5c5171211ce66b97b5d1c3f41af50b928090fcfe8e5cae4bc4d3e559218bd4	12642
02	new_pairing_control_ladder	historical_environment_or_contract	analysis/new_pairing_control_ladder/README.md	source/analysis/new_pairing_control_ladder/README.md	a07237b3c406d7db3b21cf8a2e73572c0ea8c24386bb012b33d750128fa7900c	1633
02	new_pairing_control_ladder	historical_environment_or_contract	analysis/new_pairing_control_ladder/EXPERIMENT_CONTRACT.md	source/analysis/new_pairing_control_ladder/EXPERIMENT_CONTRACT.md	5bd58029cface8cfa2de46323e23f368615ddb277ddb84dfb2ef3905a0f4f5e3	5431
02	allosteric_pair_benchmark_main	implementation	analysis/allosteric_pair_benchmark_main/scripts/aggregate_main_results.py	source/analysis/allosteric_pair_benchmark_main/scripts/aggregate_main_results.py	f979d35e20cfb735f31601231c1514892b9c28e47cca55e93c968851a5830093	11226
02	allosteric_pair_benchmark_main	implementation	analysis/allosteric_pair_benchmark_main/scripts/bootstrap_oof.py	source/analysis/allosteric_pair_benchmark_main/scripts/bootstrap_oof.py	4028e2c90e9092689970aa0e70c814ed1c3d2e357cafd32128a9ac47e87e0aee	8981
02	allosteric_pair_benchmark_main	implementation	analysis/allosteric_pair_benchmark_main/scripts/bootstrap_split_penalty.py	source/analysis/allosteric_pair_benchmark_main/scripts/bootstrap_split_penalty.py	7009d6a14c205f7c879c28fa2e773e90f9e5fa21b370464ed6487aac906b2234	16687
02	allosteric_pair_benchmark_main	implementation	analysis/allosteric_pair_benchmark_main/scripts/build_aligned_target_chains.py	source/analysis/allosteric_pair_benchmark_main/scripts/build_aligned_target_chains.py	02883f9a5ebc1e9890134bcdd9f091ffb9d3040b8506aaf3d9059d57a8cab818	19521
02	allosteric_pair_benchmark_main	implementation	analysis/allosteric_pair_benchmark_main/scripts/embed_target_chains_gpu.sh	source/analysis/allosteric_pair_benchmark_main/scripts/embed_target_chains_gpu.sh	ad1378d9bd6ea5e284e8efe71ad49964aed544118ec1315cbab1b09b7b1db95c	2168
02	allosteric_pair_benchmark_main	implementation	analysis/allosteric_pair_benchmark_main/scripts/prepare_cpu_release.py	source/analysis/allosteric_pair_benchmark_main/scripts/prepare_cpu_release.py	137e4a79b28c6ff532251cd3332bd35a69ab8f46de2c494327f43c0f9975c25f	12724
02	allosteric_pair_benchmark_main	implementation	analysis/allosteric_pair_benchmark_main/scripts/prepare_exact_gpu_inputs.py	source/analysis/allosteric_pair_benchmark_main/scripts/prepare_exact_gpu_inputs.py	76a6b131eee1a630394ef34b6c19ca84bfea73f182c45c629844f2b06bfc041a	19075
02	allosteric_pair_benchmark_main	implementation	analysis/allosteric_pair_benchmark_main/scripts/run_gpu_main.sh	source/analysis/allosteric_pair_benchmark_main/scripts/run_gpu_main.sh	53692a18f7fff6361564c15eeebe598a8a3e345656e1198cd2d7aac2c4367c19	4801
02	allosteric_pair_benchmark_main	implementation	analysis/allosteric_pair_benchmark_main/scripts/train_main_benchmark.py	source/analysis/allosteric_pair_benchmark_main/scripts/train_main_benchmark.py	9d0deff6697f1a312931b81bccc7531c108f8b86212863b13376ea5dd1f4ee0a	30079
02	allosteric_pair_benchmark_main	implementation	analysis/allosteric_pair_benchmark_main/scripts/validate_target_chain_embeddings.py	source/analysis/allosteric_pair_benchmark_main/scripts/validate_target_chain_embeddings.py	f2f5f373f0519512501eef24a238732f63082a8a79a745107c8b9ae2e21d60d3	4120
02	allosteric_pair_benchmark_main	implementation	analysis/allosteric_pair_benchmark_main/scripts/write_release_manifest.py	source/analysis/allosteric_pair_benchmark_main/scripts/write_release_manifest.py	277418356b2581f0e03254047bd8741689f38e503d5af68a410bf92aa356ad5a	2262
02	allosteric_pair_benchmark_main	historical_environment_or_contract	analysis/allosteric_pair_benchmark_main/README.md	source/analysis/allosteric_pair_benchmark_main/README.md	b07fd1a3531df92bad4feb3e48c5968961b0b0633ed0fefb82057217e8fce161	3652
02	allosteric_pair_benchmark_main	historical_environment_or_contract	analysis/allosteric_pair_benchmark_main/EXPERIMENT_CONTRACT.md	source/analysis/allosteric_pair_benchmark_main/EXPERIMENT_CONTRACT.md	23a4f21b2c6b1e4ff7a1a4992a009cd7ef7dd72aa9cf258420cc6d4ae1aa1d95	5261
02	allosteric_pair_benchmark_main	historical_environment_or_contract	analysis/allosteric_pair_benchmark_main/requirements-cpu.txt	source/analysis/allosteric_pair_benchmark_main/requirements-cpu.txt	a75a24ea6796a489fb08e2dfc3593fd24530177694abc7aac307e3e31bd3fc60	43
02	allosteric_pair_benchmark_main	historical_environment_or_contract	analysis/allosteric_pair_benchmark_main/requirements-gpu.txt	source/analysis/allosteric_pair_benchmark_main/requirements-gpu.txt	36c4b40889526f768dd07def9d3635cb379fb781d226a49beee2ddccd2a8d828	38
02	allosteric_pair_benchmark_broad_superset	implementation	analysis/allosteric_pair_benchmark_broad_superset/scripts/aggregate_pool_comparison.py	source/analysis/allosteric_pair_benchmark_broad_superset/scripts/aggregate_pool_comparison.py	db615bbcceb8ce2238179e96806247ec82239da2011727ccab730476e6dea86d	10938
02	allosteric_pair_benchmark_broad_superset	implementation	analysis/allosteric_pair_benchmark_broad_superset/scripts/bootstrap_pool_delta.py	source/analysis/allosteric_pair_benchmark_broad_superset/scripts/bootstrap_pool_delta.py	592b35cb569a18a5d7fe79ced2e93da360f08af5073cb6ecb5e97bd80255f435	7430
02	allosteric_pair_benchmark_broad_superset	implementation	analysis/allosteric_pair_benchmark_broad_superset/scripts/build_broad_superset_cpu.py	source/analysis/allosteric_pair_benchmark_broad_superset/scripts/build_broad_superset_cpu.py	206ded6bef88757f539ac7459485dda38fe42a402d3dae34bb8c591109b349bd	25670
02	allosteric_pair_benchmark_broad_superset	implementation	analysis/allosteric_pair_benchmark_broad_superset/scripts/embed_extra_target_chains_gpu.sh	source/analysis/allosteric_pair_benchmark_broad_superset/scripts/embed_extra_target_chains_gpu.sh	4ab170dd304239a3cd3f97a7e0b3e77f6409793d8de4ba803baff014c689dfbd	1739
02	allosteric_pair_benchmark_broad_superset	implementation	analysis/allosteric_pair_benchmark_broad_superset/scripts/prepare_broad_gpu_inputs.py	source/analysis/allosteric_pair_benchmark_broad_superset/scripts/prepare_broad_gpu_inputs.py	17ef49ad755b5bc5cb0a565b1fd08a660ea3ce1454a2e2772a2305f026044b3c	12826
02	allosteric_pair_benchmark_broad_superset	implementation	analysis/allosteric_pair_benchmark_broad_superset/scripts/run_gpu_broad_superset.sh	source/analysis/allosteric_pair_benchmark_broad_superset/scripts/run_gpu_broad_superset.sh	ececf1ddbf3ee0ca38c297d96201711935447035cb29e9e072d85aef7f8b1d3b	5986
02	allosteric_pair_benchmark_broad_superset	implementation	analysis/allosteric_pair_benchmark_broad_superset/scripts/split_contract.py	source/analysis/allosteric_pair_benchmark_broad_superset/scripts/split_contract.py	09fd315a70b4c43ab7d2ef410f2335c486d2b24cce047d9d3a514fcca2535cad	5486
02	allosteric_pair_benchmark_broad_superset	implementation	analysis/allosteric_pair_benchmark_broad_superset/scripts/train_broad_superset.py	source/analysis/allosteric_pair_benchmark_broad_superset/scripts/train_broad_superset.py	7c0e3863490b4324cd9ea516e018970655d90912b65e8d672f66a5656e34e600	8666
02	allosteric_pair_benchmark_broad_superset	implementation	analysis/allosteric_pair_benchmark_broad_superset/scripts/validate_cpu_bundle.py	source/analysis/allosteric_pair_benchmark_broad_superset/scripts/validate_cpu_bundle.py	d7e74feb153fd74e36473f201ff11adc5aec661e820794bd9bc62e50005cae83	2229
02	allosteric_pair_benchmark_broad_superset	implementation	analysis/allosteric_pair_benchmark_broad_superset/scripts/validate_extra_target_embeddings.py	source/analysis/allosteric_pair_benchmark_broad_superset/scripts/validate_extra_target_embeddings.py	098f7cc9ec58252ec14363277db292f8fb820362739769b851b4ab218d2455a0	3792
02	allosteric_pair_benchmark_broad_superset	implementation	analysis/allosteric_pair_benchmark_broad_superset/scripts/validate_split_design_cpu.py	source/analysis/allosteric_pair_benchmark_broad_superset/scripts/validate_split_design_cpu.py	b6670b336856b894df336663569fda23e0073fe15505038816b05401f883e8d4	2426
02	allosteric_pair_benchmark_broad_superset	implementation	analysis/allosteric_pair_benchmark_broad_superset/scripts/write_manifest.py	source/analysis/allosteric_pair_benchmark_broad_superset/scripts/write_manifest.py	a4b0c4bb67d7e9c0f28b7b77ea2588cf47ba8623b45da9c2b05f7c2a846a6277	2466
02	allosteric_pair_benchmark_broad_superset	historical_environment_or_contract	analysis/allosteric_pair_benchmark_broad_superset/README.md	source/analysis/allosteric_pair_benchmark_broad_superset/README.md	bd94c69454f571fff9d0a21d65c801241e3a7862c9f1570cd8305c9cbfce887b	2675
02	allosteric_pair_benchmark_broad_superset	historical_environment_or_contract	analysis/allosteric_pair_benchmark_broad_superset/EXPERIMENT_CONTRACT.md	source/analysis/allosteric_pair_benchmark_broad_superset/EXPERIMENT_CONTRACT.md	27765bbd6363888f2a5ebb224c3e1140ea2b74649582ffd91fb5cbd60281c6d5	3915
02	allosteric_pair_benchmark_broad_superset	historical_environment_or_contract	analysis/allosteric_pair_benchmark_broad_superset/requirements-cpu.txt	source/analysis/allosteric_pair_benchmark_broad_superset/requirements-cpu.txt	b3dd78c201da70e76497e2bc4271b0ec4a4fbd7e4064f60ee350265d4c6e849a	32
02	allosteric_pair_benchmark_broad_superset	historical_environment_or_contract	analysis/allosteric_pair_benchmark_broad_superset/requirements-gpu.txt	source/analysis/allosteric_pair_benchmark_broad_superset/requirements-gpu.txt	36c4b40889526f768dd07def9d3635cb379fb781d226a49beee2ddccd2a8d828	38
02	13.Heesu_Allostery	shared_dependency	analysis/enm_common.py	source/analysis/enm_common.py	83b692ba3f6bde6c40778fa92c80f8fc82c4258a8d3f60d38b00aae9e67b8b09	12736
02	new_pairing_d1_pilot	shared_dependency	analysis/new_pairing_d1_pilot/scripts/train_family_model_pilot.py	source/analysis/new_pairing_d1_pilot/scripts/train_family_model_pilot.py	46f49fe55d3f49739cf20b5d0a81987e2f83f20eeef538352cf22b89194a824a	30635
02	new_pairing_d1_pilot	shared_dependency	analysis/new_pairing_d1_pilot/scripts/build_structure_graphs.py	source/analysis/new_pairing_d1_pilot/scripts/build_structure_graphs.py	e4bb95f078d783fa6734bcc86007a7f410146c7f2d17b95a29767ed9fb8ee263	17058
02	allosteric_pair_benchmark_main	shared_dependency	analysis/allosteric_pair_benchmark_main/tests/test_metric_consistency.py	source/analysis/allosteric_pair_benchmark_main/tests/test_metric_consistency.py	ef0aba26d01e3b100b49b33a2b302062718ab51f18447b4f5e5672ff55e8b754	1545
02	allosteric_pair_benchmark_main	shared_dependency	analysis/allosteric_pair_benchmark_main/tests/test_coordinate_contract.py	source/analysis/allosteric_pair_benchmark_main/tests/test_coordinate_contract.py	0e275a6f04e264923850eab7f1acf440c96cc4b01f9d94eb8fffed3f8b2fd44a	2000
03	role_complete_pair_matrix	implementation	analysis/role_complete_pair_matrix/scripts/aggregate_chembl.py	source/analysis/role_complete_pair_matrix/scripts/aggregate_chembl.py	d1b6c59a5e06b72a7a7b1c513880eb938e2e5767eab2fad5a8801e59e33decdf	34579
03	role_complete_pair_matrix	implementation	analysis/role_complete_pair_matrix/scripts/aggregate_matrix.py	source/analysis/role_complete_pair_matrix/scripts/aggregate_matrix.py	facd54a7b7aaa114325df27f1eb69ad5419b92c7349ed8944421c2e1ab585644	42634
03	role_complete_pair_matrix	implementation	analysis/role_complete_pair_matrix/scripts/analyze_matrix_patterns.py	source/analysis/role_complete_pair_matrix/scripts/analyze_matrix_patterns.py	bf9cf12be7f177e264f539c3ecf64ceb465c08fe379bc3610353f34d12468d24	16349
03	role_complete_pair_matrix	implementation	analysis/role_complete_pair_matrix/scripts/bootstrap_matrix.py	source/analysis/role_complete_pair_matrix/scripts/bootstrap_matrix.py	38f6e13edc937f210dbb69f514efe79078f05ecfe23d8f3105397ebdbef38d70	18966
03	role_complete_pair_matrix	implementation	analysis/role_complete_pair_matrix/scripts/build_cpu_contract.py	source/analysis/role_complete_pair_matrix/scripts/build_cpu_contract.py	548914300784b4599aa2d707a5e60211a4c94623f4d7d78b8ebbb44d900dccb2	37579
03	role_complete_pair_matrix	implementation	analysis/role_complete_pair_matrix/scripts/bundle_fit_audit.py	source/analysis/role_complete_pair_matrix/scripts/bundle_fit_audit.py	202a1ecb2b3131840ea807f9b6536e10e8a41e221a3a48f28d13a25bcbd83a49	3578
03	role_complete_pair_matrix	implementation	analysis/role_complete_pair_matrix/scripts/gpu_preflight.py	source/analysis/role_complete_pair_matrix/scripts/gpu_preflight.py	69942ca1b48ff26873daefcd1b20465dea7d7e077f3bb5a7cc44727bb2abf6cc	11470
03	role_complete_pair_matrix	implementation	analysis/role_complete_pair_matrix/scripts/infer_chembl.py	source/analysis/role_complete_pair_matrix/scripts/infer_chembl.py	7fb2e6e864ee6599f6bea57aa82d3458e4a48135e494ac6eddc945ee2fbcb446	48496
03	role_complete_pair_matrix	implementation	analysis/role_complete_pair_matrix/scripts/model_definitions.py	source/analysis/role_complete_pair_matrix/scripts/model_definitions.py	c628e9e380cfb35e0cc1b11c08c0d488b99c0c2d3356f49c7f21afc7220e9e33	7459
03	role_complete_pair_matrix	implementation	analysis/role_complete_pair_matrix/scripts/run_gpu.sh	source/analysis/role_complete_pair_matrix/scripts/run_gpu.sh	8280b912f5b1d0ccf42087261790026a427e9d7734422df7803ee233bfa6fbe0	11052
03	role_complete_pair_matrix	implementation	analysis/role_complete_pair_matrix/scripts/train_deploy_models.py	source/analysis/role_complete_pair_matrix/scripts/train_deploy_models.py	c06d7fb99cd535e13ea838dd0f9f9e79bee1570979f0848ca183082dd83ea853	19574
03	role_complete_pair_matrix	implementation	analysis/role_complete_pair_matrix/scripts/train_matrix.py	source/analysis/role_complete_pair_matrix/scripts/train_matrix.py	8ca40596225eeabee9c5e9ffdc6a703c5b2726e1fea2ec3cd247bf8e40b867fd	31327
03	role_complete_pair_matrix	historical_environment_or_contract	analysis/role_complete_pair_matrix/README.md	source/analysis/role_complete_pair_matrix/README.md	bee463194fffcfd018a754da99d05c93e54644e116a8f9ee19e475e596f28607	10571
03	role_complete_pair_matrix	historical_environment_or_contract	analysis/role_complete_pair_matrix/EXPERIMENT_CONTRACT.md	source/analysis/role_complete_pair_matrix/EXPERIMENT_CONTRACT.md	877c44db8f4f51494af44613087e4acf2b58c907e15e74a7b7e3e359778b9d7b	13495
03	role_complete_pair_matrix	historical_environment_or_contract	analysis/role_complete_pair_matrix/requirements-cpu.txt	source/analysis/role_complete_pair_matrix/requirements-cpu.txt	600b55b6d7e70587263ecf7d186501135f80c49fac4e8a963cba8b189cfbd319	26
03	role_complete_pair_matrix	historical_environment_or_contract	analysis/role_complete_pair_matrix/requirements-gpu.txt	source/analysis/role_complete_pair_matrix/requirements-gpu.txt	d9b19e579218fcff7cf1d19c545bb68618386736043118060613586326a4de05	39
03	explicit_double_unseen	implementation	analysis/explicit_double_unseen/scripts/aggregate.py	source/analysis/explicit_double_unseen/scripts/aggregate.py	a59413a7df9c578a1658c1d88606aa086c7d4bc48a0b265b813c0fe4201b4e61	7653
03	explicit_double_unseen	implementation	analysis/explicit_double_unseen/scripts/base_trainer.py	source/analysis/explicit_double_unseen/scripts/base_trainer.py	9d0deff6697f1a312931b81bccc7531c108f8b86212863b13376ea5dd1f4ee0a	30079
03	explicit_double_unseen	implementation	analysis/explicit_double_unseen/scripts/build_contract.py	source/analysis/explicit_double_unseen/scripts/build_contract.py	4a7fafc5c8eef3a1a0bbc71f6cdf1f40329789101e164ca37b629b8b432eb3b2	6717
03	explicit_double_unseen	implementation	analysis/explicit_double_unseen/scripts/check_contract.py	source/analysis/explicit_double_unseen/scripts/check_contract.py	f1733578e5d4e867103b976fa89265d494b3fc668307b41dccb1b89c0da9f743	4175
03	explicit_double_unseen	implementation	analysis/explicit_double_unseen/scripts/common.py	source/analysis/explicit_double_unseen/scripts/common.py	25e485fdb79c40d0625cf14963a41c5e1d690a707caeeeaa48d9a11f2d241f24	5671
03	explicit_double_unseen	implementation	analysis/explicit_double_unseen/scripts/extract_return.py	source/analysis/explicit_double_unseen/scripts/extract_return.py	e4e556babd5d984bfb81e877a316b17d0109cb7c1740114ba674d1cfc9d7bbfd	686
03	explicit_double_unseen	implementation	analysis/explicit_double_unseen/scripts/gpu_preflight.py	source/analysis/explicit_double_unseen/scripts/gpu_preflight.py	0de065e2435259e136b131653d3a36592f4c3da9389ecf0413ccd8a458cdad0e	3755
03	explicit_double_unseen	implementation	analysis/explicit_double_unseen/scripts/model_definitions.py	source/analysis/explicit_double_unseen/scripts/model_definitions.py	c628e9e380cfb35e0cc1b11c08c0d488b99c0c2d3356f49c7f21afc7220e9e33	7459
03	explicit_double_unseen	implementation	analysis/explicit_double_unseen/scripts/run_gpu.sh	source/analysis/explicit_double_unseen/scripts/run_gpu.sh	c75c43a16b939b04f4adc9f4848ab66e1d575871ea21c326e1a57bcc4bb39e0b	2470
03	explicit_double_unseen	implementation	analysis/explicit_double_unseen/scripts/status.py	source/analysis/explicit_double_unseen/scripts/status.py	eafe9dc9a398b6351508027cbee687ec0e1576ad8482de5d1eaab889914804f3	1124
03	explicit_double_unseen	implementation	analysis/explicit_double_unseen/scripts/train_gpu.py	source/analysis/explicit_double_unseen/scripts/train_gpu.py	ebbee6a7917d08f00216e3d83dba9172504abb0ae4d65895bf9a0826a0ff627b	2898
03	explicit_double_unseen	implementation	analysis/explicit_double_unseen/scripts/trainer_core.py	source/analysis/explicit_double_unseen/scripts/trainer_core.py	ff5f1b24fb199bcb5b6660a1196be18e718275b34f8ba84e78b7939ec7cb452f	23682
03	explicit_double_unseen	implementation	analysis/explicit_double_unseen/scripts/validate_fits.py	source/analysis/explicit_double_unseen/scripts/validate_fits.py	a120b7156c0da788becfad0a0fe7c913161560143ee48f7e1ff904935c366970	4500
03	explicit_double_unseen	historical_environment_or_contract	analysis/explicit_double_unseen/README.md	source/analysis/explicit_double_unseen/README.md	08a87ca9f4cbf01d6aac87cce8b3640ab062ed885c6ff2e84d1175cd995c77dc	8369
03	explicit_double_unseen	historical_environment_or_contract	analysis/explicit_double_unseen/requirements-cpu.txt	source/analysis/explicit_double_unseen/requirements-cpu.txt	5c9438b32f8afa1d3769f0ec3427406a541b57fc024774ed929c233d6aef80fa	32
03	explicit_double_unseen	historical_environment_or_contract	analysis/explicit_double_unseen/requirements-gpu.txt	source/analysis/explicit_double_unseen/requirements-gpu.txt	aa46e327f417ff23128ff4802cd07aa4cd7e15b886756e5e64b08e6281bbbb41	46
03	double_anchored_lofo	implementation	analysis/double_anchored_lofo/scripts/aggregate.py	source/analysis/double_anchored_lofo/scripts/aggregate.py	d50b5d55e15135d07e8e870ba2256b6a5c1c650a65285bbc0c2f220cf23f3146	7070
03	double_anchored_lofo	implementation	analysis/double_anchored_lofo/scripts/base_trainer.py	source/analysis/double_anchored_lofo/scripts/base_trainer.py	9d0deff6697f1a312931b81bccc7531c108f8b86212863b13376ea5dd1f4ee0a	30079
03	double_anchored_lofo	implementation	analysis/double_anchored_lofo/scripts/build_contract.py	source/analysis/double_anchored_lofo/scripts/build_contract.py	67120499820093b650f9c96205a4648fa6e69ce48a7100b4de82285d895baeeb	5769
03	double_anchored_lofo	implementation	analysis/double_anchored_lofo/scripts/common.py	source/analysis/double_anchored_lofo/scripts/common.py	6549255c99a527fe6ecd33c9a6f413ce755e2b6651f9434288367d9d6e8c56f0	5405
03	double_anchored_lofo	implementation	analysis/double_anchored_lofo/scripts/gpu_runtime.py	source/analysis/double_anchored_lofo/scripts/gpu_runtime.py	487c31d6af7a799a421e13bd6c1dd2241b1b23a7f8d68faccff5aef3c398b953	9076
03	double_anchored_lofo	implementation	analysis/double_anchored_lofo/scripts/metrics.py	source/analysis/double_anchored_lofo/scripts/metrics.py	1b69cf8478f5d957e816d60b59a88bc682a5181406d53038a88dc1d118633171	1843
03	double_anchored_lofo	implementation	analysis/double_anchored_lofo/scripts/model_definitions.py	source/analysis/double_anchored_lofo/scripts/model_definitions.py	c628e9e380cfb35e0cc1b11c08c0d488b99c0c2d3356f49c7f21afc7220e9e33	7459
03	double_anchored_lofo	implementation	analysis/double_anchored_lofo/scripts/package_return.py	source/analysis/double_anchored_lofo/scripts/package_return.py	4f9a035066667a27e61ee0b862970939dc9fbaf265ce091a30717a2b990762c1	1193
03	double_anchored_lofo	implementation	analysis/double_anchored_lofo/scripts/queue_jobs.py	source/analysis/double_anchored_lofo/scripts/queue_jobs.py	59c466a66ee2bba4ee374abe2de7d9f24413405d59bdee06d88aa9cad9fe1db7	1591
03	double_anchored_lofo	implementation	analysis/double_anchored_lofo/scripts/run_gpu.sh	source/analysis/double_anchored_lofo/scripts/run_gpu.sh	a309924ce9d7532ac3c0fc75e41ebfc0fd1c6bac5aff55305997607dd8ed1473	2023
03	double_anchored_lofo	implementation	analysis/double_anchored_lofo/scripts/status.py	source/analysis/double_anchored_lofo/scripts/status.py	55f6bf30af654a4c4d8bd91575ac2bf5058e36746240ededafa8fd7fe77138ac	1426
03	double_anchored_lofo	implementation	analysis/double_anchored_lofo/scripts/test_contract.py	source/analysis/double_anchored_lofo/scripts/test_contract.py	2f37d43883b3ebc61bf6ab9724bbae928c69d4b4ca10727bc08676eb2c12de8f	2380
03	double_anchored_lofo	implementation	analysis/double_anchored_lofo/scripts/test_pipeline.py	source/analysis/double_anchored_lofo/scripts/test_pipeline.py	c04be83e6f15a8b8aa9f2c389d2270e99caa1bd9f845bf82025f755498522438	4883
03	double_anchored_lofo	implementation	analysis/double_anchored_lofo/scripts/transfer.py	source/analysis/double_anchored_lofo/scripts/transfer.py	6cc3f5a6c3e9d6aae97701e3a558b9c1aa47361090ee11345085aaf372398ce3	2287
03	double_anchored_lofo	implementation	analysis/double_anchored_lofo/scripts/validate_fits.py	source/analysis/double_anchored_lofo/scripts/validate_fits.py	bec06b16e11728242bdfb67e1acd93ec519eecd66dd840cc555353adf5d0e72d	4282
03	double_anchored_lofo	historical_environment_or_contract	analysis/double_anchored_lofo/README.md	source/analysis/double_anchored_lofo/README.md	69ba811e718aa0845ee4150cc2b354f3759ab65554608e413e4c6bd8de6494c6	8712
03	double_anchored_lofo	historical_environment_or_contract	analysis/double_anchored_lofo/requirements-cpu.txt	source/analysis/double_anchored_lofo/requirements-cpu.txt	5c9438b32f8afa1d3769f0ec3427406a541b57fc024774ed929c233d6aef80fa	32
03	double_anchored_lofo	historical_environment_or_contract	analysis/double_anchored_lofo/requirements-gpu.txt	source/analysis/double_anchored_lofo/requirements-gpu.txt	c47dac71c362a0ecedf9dff62710447b906130f904b275c5a6c4e19c9a710619	38
03	ligand_anchored_benchmark	implementation	analysis/ligand_anchored_benchmark/scripts/aggregate.py	source/analysis/ligand_anchored_benchmark/scripts/aggregate.py	60fe212ddd49b81ffaf180d72906dfeac86f99f559748f12b04a3b924da5e4ef	8121
03	ligand_anchored_benchmark	implementation	analysis/ligand_anchored_benchmark/scripts/base_trainer.py	source/analysis/ligand_anchored_benchmark/scripts/base_trainer.py	fb86c4b3732b5b00836048a0184a57434164bb9b2b9f8d19d8538fa31965e513	30080
03	ligand_anchored_benchmark	implementation	analysis/ligand_anchored_benchmark/scripts/build_contract.py	source/analysis/ligand_anchored_benchmark/scripts/build_contract.py	5f1951ed22d88a5aa519ab39fbd8a57aadc8d58317df3a0abc37b03a18650ccd	6191
03	ligand_anchored_benchmark	implementation	analysis/ligand_anchored_benchmark/scripts/common.py	source/analysis/ligand_anchored_benchmark/scripts/common.py	e98415dd52bd79745922ecd0dfdde584451e72bf29b996fc4b06acf77bf22313	6859
03	ligand_anchored_benchmark	implementation	analysis/ligand_anchored_benchmark/scripts/gpu_runtime.py	source/analysis/ligand_anchored_benchmark/scripts/gpu_runtime.py	c2f018f6c8b570aac3b88ba2bcea8b1773baf4e79bc7a929e7785b8abee6d732	10577
03	ligand_anchored_benchmark	implementation	analysis/ligand_anchored_benchmark/scripts/matrix_overview.py	source/analysis/ligand_anchored_benchmark/scripts/matrix_overview.py	891ac3725fef51c8d5610d20f768e5bd71a64d321761162f7dc77c8f276dd13f	3292
03	ligand_anchored_benchmark	implementation	analysis/ligand_anchored_benchmark/scripts/metrics.py	source/analysis/ligand_anchored_benchmark/scripts/metrics.py	455eda2466a5263ca1c0eeac97c583fa3ee7d07694e8c6b4771bd17a8916fb58	1844
03	ligand_anchored_benchmark	implementation	analysis/ligand_anchored_benchmark/scripts/model_definitions.py	source/analysis/ligand_anchored_benchmark/scripts/model_definitions.py	b76b97f09cb040c46fcd4166c2e74f10dcce2e5188c4c257ab78379a29933350	7460
03	ligand_anchored_benchmark	implementation	analysis/ligand_anchored_benchmark/scripts/package_return.py	source/analysis/ligand_anchored_benchmark/scripts/package_return.py	cd69d9ac6c0f038320bba85b508a021754b6c8008538d10e14c1972f4372527f	1229
03	ligand_anchored_benchmark	implementation	analysis/ligand_anchored_benchmark/scripts/queue_jobs.py	source/analysis/ligand_anchored_benchmark/scripts/queue_jobs.py	607a17808cce77054e1473f7b3add86dc0b385761daa59824c0c505af80eba4e	1575
03	ligand_anchored_benchmark	implementation	analysis/ligand_anchored_benchmark/scripts/run_gpu.sh	source/analysis/ligand_anchored_benchmark/scripts/run_gpu.sh	42146b94a5109e62c7fed77c4df22143aad5653f2b40e3997456e652746b3266	2024
03	ligand_anchored_benchmark	implementation	analysis/ligand_anchored_benchmark/scripts/status.py	source/analysis/ligand_anchored_benchmark/scripts/status.py	33f9fdea084421d4db7f8112e954a01c0679fadbd30c2cc5582c96f8bd34335c	1421
03	ligand_anchored_benchmark	implementation	analysis/ligand_anchored_benchmark/scripts/test_contract.py	source/analysis/ligand_anchored_benchmark/scripts/test_contract.py	04495a6f49e8c5b4fb9429145fad185ccdcf53fda46e14bf3348a8ede4c87655	2914
03	ligand_anchored_benchmark	implementation	analysis/ligand_anchored_benchmark/scripts/test_pipeline.py	source/analysis/ligand_anchored_benchmark/scripts/test_pipeline.py	6d57ca994df5c4b37a861c08541e7bef97315b295c627553489ceb3dc3a5a1a6	5101
03	ligand_anchored_benchmark	implementation	analysis/ligand_anchored_benchmark/scripts/transfer.py	source/analysis/ligand_anchored_benchmark/scripts/transfer.py	3c0308266a395c5e888a07bd918e5893d809b714c327cebccc1bf9a8f6eb4858	2323
03	ligand_anchored_benchmark	implementation	analysis/ligand_anchored_benchmark/scripts/validate_fits.py	source/analysis/ligand_anchored_benchmark/scripts/validate_fits.py	5cf80e33c121a23d06a9f63de8160241cd05efdfd81edcec84884a91ecb85b77	4729
03	ligand_anchored_benchmark	historical_environment_or_contract	analysis/ligand_anchored_benchmark/README.md	source/analysis/ligand_anchored_benchmark/README.md	d9d2af1ac02d6507900ae5da992e1a252197bdc699c40092d04c8def0aabf0d9	9773
03	ligand_anchored_benchmark	historical_environment_or_contract	analysis/ligand_anchored_benchmark/requirements-cpu.txt	source/analysis/ligand_anchored_benchmark/requirements-cpu.txt	5c9438b32f8afa1d3769f0ec3427406a541b57fc024774ed929c233d6aef80fa	32
03	ligand_anchored_benchmark	historical_environment_or_contract	analysis/ligand_anchored_benchmark/requirements-gpu.txt	source/analysis/ligand_anchored_benchmark/requirements-gpu.txt	c47dac71c362a0ecedf9dff62710447b906130f904b275c5a6c4e19c9a710619	38
04	murcko_holdout_extension	implementation	analysis/murcko_holdout_extension/scripts/aggregate.py	source/analysis/murcko_holdout_extension/scripts/aggregate.py	34f0078592ec0c936c54a86306f08a8dbcebc3335eab382247010402b32955f5	11803
04	murcko_holdout_extension	implementation	analysis/murcko_holdout_extension/scripts/base_trainer.py	source/analysis/murcko_holdout_extension/scripts/base_trainer.py	9d0deff6697f1a312931b81bccc7531c108f8b86212863b13376ea5dd1f4ee0a	30079
04	murcko_holdout_extension	implementation	analysis/murcko_holdout_extension/scripts/build_contract.py	source/analysis/murcko_holdout_extension/scripts/build_contract.py	172f6577a37510247b0278ea09e1ebb5bbb0a399b14e777e3b61b4c0c2e6731f	12433
04	murcko_holdout_extension	implementation	analysis/murcko_holdout_extension/scripts/check_contract.py	source/analysis/murcko_holdout_extension/scripts/check_contract.py	b7ec0d31419a5d02a0c56bf1ae3ce17fc21f37fbc7b265337383bfb953371960	5798
04	murcko_holdout_extension	implementation	analysis/murcko_holdout_extension/scripts/common.py	source/analysis/murcko_holdout_extension/scripts/common.py	7edf227deb57a9af13a01a4ce671b6b5da249133ab4aa33b97adeb9671a2cf5c	7419
04	murcko_holdout_extension	implementation	analysis/murcko_holdout_extension/scripts/extract_return.py	source/analysis/murcko_holdout_extension/scripts/extract_return.py	849550ce1d3384faae207b5a8c2c0eeb98a9ecf102b5394e7a6ec3bf866c4630	688
04	murcko_holdout_extension	implementation	analysis/murcko_holdout_extension/scripts/gpu_preflight.py	source/analysis/murcko_holdout_extension/scripts/gpu_preflight.py	50062f3d1d994e2bcd6162b384aec64e2d48ab953750e1a3d2761dfb8dafd2d0	4490
04	murcko_holdout_extension	implementation	analysis/murcko_holdout_extension/scripts/model_definitions.py	source/analysis/murcko_holdout_extension/scripts/model_definitions.py	c628e9e380cfb35e0cc1b11c08c0d488b99c0c2d3356f49c7f21afc7220e9e33	7459
04	murcko_holdout_extension	implementation	analysis/murcko_holdout_extension/scripts/run_gpu.sh	source/analysis/murcko_holdout_extension/scripts/run_gpu.sh	f9b08aa3f0069efa0617b78e09d562ff93f2652a94e976e5315b68c061330ab3	2559
04	murcko_holdout_extension	implementation	analysis/murcko_holdout_extension/scripts/status.py	source/analysis/murcko_holdout_extension/scripts/status.py	abe201315d0d4b571ffe1fdefaa4b25cba24a8f6f8f89fb361d9c85fa72368fd	1211
04	murcko_holdout_extension	implementation	analysis/murcko_holdout_extension/scripts/train_gpu.py	source/analysis/murcko_holdout_extension/scripts/train_gpu.py	417568333898b250e8c1ee2a5fffb2a058bd66e0ad7f23aaaccc608a91318413	3094
04	murcko_holdout_extension	implementation	analysis/murcko_holdout_extension/scripts/trainer_core.py	source/analysis/murcko_holdout_extension/scripts/trainer_core.py	102340a7f8682935d0bad5cbb46bb7a0f06bf161772fbf3a9e514e962ab9a2b2	23678
04	murcko_holdout_extension	implementation	analysis/murcko_holdout_extension/scripts/validate_fits.py	source/analysis/murcko_holdout_extension/scripts/validate_fits.py	0226b80f9fc6a2056ae09f32304f9fb127861430d02a49bdc8bc3b6bade789ac	5028
04	murcko_holdout_extension	historical_environment_or_contract	analysis/murcko_holdout_extension/README.md	source/analysis/murcko_holdout_extension/README.md	4651bf60bb5827ecd54ddbd7be40d6e42e56d3258154454e48904e77c6572dee	6293
04	murcko_holdout_extension	historical_environment_or_contract	analysis/murcko_holdout_extension/requirements-cpu.txt	source/analysis/murcko_holdout_extension/requirements-cpu.txt	5c9438b32f8afa1d3769f0ec3427406a541b57fc024774ed929c233d6aef80fa	32
04	murcko_holdout_extension	historical_environment_or_contract	analysis/murcko_holdout_extension/requirements-gpu.txt	source/analysis/murcko_holdout_extension/requirements-gpu.txt	aa46e327f417ff23128ff4802cd07aa4cd7e15b886756e5e64b08e6281bbbb41	46
04	full_sequence_representation_pilot	implementation	analysis/full_sequence_representation_pilot/scripts/aggregate_pilot.py	source/analysis/full_sequence_representation_pilot/scripts/aggregate_pilot.py	dbfc407de13acb8afef9abfdba1fa2ea75bb2a8d844fccb9807c7d037e3e3812	16688
04	full_sequence_representation_pilot	implementation	analysis/full_sequence_representation_pilot/scripts/build_cpu_contract.py	source/analysis/full_sequence_representation_pilot/scripts/build_cpu_contract.py	1f59cf5699f358e7e07f70c60a79758e84b10672ebd26c6a7e0cceda6cce5fc0	13674
04	full_sequence_representation_pilot	implementation	analysis/full_sequence_representation_pilot/scripts/embed_full_sequences_gpu.sh	source/analysis/full_sequence_representation_pilot/scripts/embed_full_sequences_gpu.sh	21cfd8214b8694b60638cff4abb482082a5dd8e488ebd8e6bea585610263c8ab	3841
04	full_sequence_representation_pilot	implementation	analysis/full_sequence_representation_pilot/scripts/gpu_preflight.py	source/analysis/full_sequence_representation_pilot/scripts/gpu_preflight.py	ca33c86f4063bf85b21c036cfb68dc0db0c36ae3f7fc3d344a3cbaf3cd75caf6	10520
04	full_sequence_representation_pilot	implementation	analysis/full_sequence_representation_pilot/scripts/run_gpu.sh	source/analysis/full_sequence_representation_pilot/scripts/run_gpu.sh	491ce80ebf665444b5820e5fc091bd68ba6b2510d7d7c8372b2e01aa365684f5	7219
04	full_sequence_representation_pilot	implementation	analysis/full_sequence_representation_pilot/scripts/stitch_full_sequence_embeddings.py	source/analysis/full_sequence_representation_pilot/scripts/stitch_full_sequence_embeddings.py	c23c7d05d0a144857105b60d18d26e2406ef64fcedbcbf431102df83404f4def	7780
04	full_sequence_representation_pilot	implementation	analysis/full_sequence_representation_pilot/scripts/train_full_sequence.py	source/analysis/full_sequence_representation_pilot/scripts/train_full_sequence.py	1b43dfcb05907aeafd681512dba116005c9d38a046bddfaa4bfe1d0868bd43bc	21433
04	full_sequence_representation_pilot	historical_environment_or_contract	analysis/full_sequence_representation_pilot/README.md	source/analysis/full_sequence_representation_pilot/README.md	e973d5da6d23aadecd2e1f601ef011e3edc8dc51f3d32328b76790bbd1f44e43	2114
04	full_sequence_representation_pilot	historical_environment_or_contract	analysis/full_sequence_representation_pilot/EXPERIMENT_CONTRACT.md	source/analysis/full_sequence_representation_pilot/EXPERIMENT_CONTRACT.md	fb63eb95be7a4c527d4d0fcbffeb2d0d4a538ee17649e2b1a53f7aa6c474efe1	2869
04	analysis	shared_dependency	analysis/double_anchored_pooled_bootstrap/bootstrap_pooled.py	source/analysis/double_anchored_pooled_bootstrap/bootstrap_pooled.py	c767d4cc4106138537b53e284620dc25871704b2e9830bc8cca3014123625abb	12281
05	chembl_external_prioritization	implementation	analysis/chembl_external_prioritization/scripts/aggregate_chembl_results.py	source/analysis/chembl_external_prioritization/scripts/aggregate_chembl_results.py	8907c66ecb87b7e321671679361ccf3e771173e97a4739153bbd462f77155c71	11173
05	chembl_external_prioritization	implementation	analysis/chembl_external_prioritization/scripts/audit_fp16_saturation.py	source/analysis/chembl_external_prioritization/scripts/audit_fp16_saturation.py	1c7a7c9d736366e221a3090b4b179579c1e3d40ce87b69088f429ee466d3a231	2570
05	chembl_external_prioritization	implementation	analysis/chembl_external_prioritization/scripts/build_cpu_contract.py	source/analysis/chembl_external_prioritization/scripts/build_cpu_contract.py	fd5b5836d0bc90d1599833a53e2c1a445ce1dcba567eafce40c5b30c0b724dfd	17011
05	chembl_external_prioritization	implementation	analysis/chembl_external_prioritization/scripts/infer_chembl.py	source/analysis/chembl_external_prioritization/scripts/infer_chembl.py	726f6ce6265360dd038a97c90497287a76466d9108b7a62ea1eda0e00dada97c	15110
05	chembl_external_prioritization	implementation	analysis/chembl_external_prioritization/scripts/prepare_reference_gpu.py	source/analysis/chembl_external_prioritization/scripts/prepare_reference_gpu.py	c132bb770c297f5283aaf0c4c4131bad8cc2a5e9f61fc83299131154a38b9eea	9136
05	chembl_external_prioritization	implementation	analysis/chembl_external_prioritization/scripts/run_gpu_chembl.sh	source/analysis/chembl_external_prioritization/scripts/run_gpu_chembl.sh	595ca5b5c76dc59fa1cc2e8f074c3bb73af490d4e540f199004a2573c98a6687	7319
05	chembl_external_prioritization	implementation	analysis/chembl_external_prioritization/scripts/train_deploy_models.py	source/analysis/chembl_external_prioritization/scripts/train_deploy_models.py	dcc045b1c7f996b627566acbc779d74421392cd60b7def24e07d3e8ebef56493	6682
05	chembl_external_prioritization	implementation	analysis/chembl_external_prioritization/scripts/validate_cpu_bundle.py	source/analysis/chembl_external_prioritization/scripts/validate_cpu_bundle.py	ce1a02bab26a2316c9ebf574e5b868cff4677ac83e62d0e5824f5dc0c3c97b76	1589
05	chembl_external_prioritization	implementation	analysis/chembl_external_prioritization/scripts/write_manifest.py	source/analysis/chembl_external_prioritization/scripts/write_manifest.py	fac2d3c75866bc59f4b81badd632029917220ee516a6ede71a52f025d391f528	1477
05	chembl_external_prioritization	historical_environment_or_contract	analysis/chembl_external_prioritization/README.md	source/analysis/chembl_external_prioritization/README.md	ab7a9b127d406059939e4a3d56368069798d99410c8a683f1fe16b5a8d256647	3134
05	chembl_external_prioritization	historical_environment_or_contract	analysis/chembl_external_prioritization/EXPERIMENT_CONTRACT.md	source/analysis/chembl_external_prioritization/EXPERIMENT_CONTRACT.md	3d3c898d9e420bc5748f09b0678f8df47b4e28e800aa65dbb1aa583435cc1201	3567
05	property_balanced_chembl	implementation	analysis/property_balanced_chembl/scripts/aggregate_results.py	source/analysis/property_balanced_chembl/scripts/aggregate_results.py	0ce0e3024f50692525444abcd74e6d74cc65978ecdbc6e979a319b0ec54b3db0	21685
05	property_balanced_chembl	implementation	analysis/property_balanced_chembl/scripts/analyze_random_extension.py	source/analysis/property_balanced_chembl/scripts/analyze_random_extension.py	dd5dfe1320816269aca2a57c8100fdd4fd6f35fc4c1ece764a64b5edfd537487	8691
05	property_balanced_chembl	implementation	analysis/property_balanced_chembl/scripts/build_chembl_pocket_indices.py	source/analysis/property_balanced_chembl/scripts/build_chembl_pocket_indices.py	34a475c9f353669826981cdd11483c10d31665c80f8213e0d93fa953d0b4b405	19300
05	property_balanced_chembl	implementation	analysis/property_balanced_chembl/scripts/build_pfam_novelty_cache.py	source/analysis/property_balanced_chembl/scripts/build_pfam_novelty_cache.py	458a2fa13d9b6ce26f78eb02d0f4003afb51a49586ec0f41fd7b9a93226e840a	12277
05	property_balanced_chembl	implementation	analysis/property_balanced_chembl/scripts/embed_chembl_target_chains_gpu.sh	source/analysis/property_balanced_chembl/scripts/embed_chembl_target_chains_gpu.sh	6e4089e0750530fb816d85b37297e71fcd4ad368c8724be8c4f3a42a1f9221c3	1822
05	property_balanced_chembl	implementation	analysis/property_balanced_chembl/scripts/freeze_c3_deploy_epoch.py	source/analysis/property_balanced_chembl/scripts/freeze_c3_deploy_epoch.py	1a8feee22cf6d8bbe4548e28b38da3c80c3de2f1bbb82dcd41b7ffb4cbb4b799	3429
05	property_balanced_chembl	implementation	analysis/property_balanced_chembl/scripts/infer_chembl.py	source/analysis/property_balanced_chembl/scripts/infer_chembl.py	6c7cb7b24735b5de9ff11a1540232b121e1dda366fe0321bc3750999eefa5db7	35029
05	property_balanced_chembl	implementation	analysis/property_balanced_chembl/scripts/run_gpu.sh	source/analysis/property_balanced_chembl/scripts/run_gpu.sh	b0e16f931c1ff50591afdeffbfbeeb788d19800b003798fef879efd19f9e32e7	15749
05	property_balanced_chembl	implementation	analysis/property_balanced_chembl/scripts/score_random_extension.py	source/analysis/property_balanced_chembl/scripts/score_random_extension.py	5079e7e31b51224ce248b05e9becbf14de4a6d51a389271dfebb03e5ceb8b0cc	7995
05	property_balanced_chembl	implementation	analysis/property_balanced_chembl/scripts/test_c3_subset_logic.py	source/analysis/property_balanced_chembl/scripts/test_c3_subset_logic.py	4e9bb6ca1371ad11556d6b508121008156e10cddd98e376738b7c73eaac40314	6346
05	property_balanced_chembl	implementation	analysis/property_balanced_chembl/scripts/train_property_deploy.py	source/analysis/property_balanced_chembl/scripts/train_property_deploy.py	65fad0645d8fcb6bacf80c194dd8724d8e7def5196f08d1e52661f434282e812	10649
05	property_balanced_chembl	implementation	analysis/property_balanced_chembl/scripts/train_random_extension.py	source/analysis/property_balanced_chembl/scripts/train_random_extension.py	cb3284fcbe4cc061a3c797fc273eeecfe766c02176814d5c780efcc8fe662f41	9130
05	property_balanced_chembl	implementation	analysis/property_balanced_chembl/scripts/validate_chembl_c3_readiness.py	source/analysis/property_balanced_chembl/scripts/validate_chembl_c3_readiness.py	e7c49014f2becdd241ae7b9e7f2e9be07a1228c2437884b3c9ba2b50b3181a60	12414
05	property_balanced_chembl	implementation	analysis/property_balanced_chembl/scripts/validate_chembl_target_chain_embeddings.py	source/analysis/property_balanced_chembl/scripts/validate_chembl_target_chain_embeddings.py	b8dd67fe472a1cee1adc6d29e17a5f5f97b239f85ae8a273559ad288fe05c240	4348
05	property_balanced_chembl	implementation	analysis/property_balanced_chembl/scripts/validate_family_novelty.py	source/analysis/property_balanced_chembl/scripts/validate_family_novelty.py	123bbe72a4fef313a9b90fb5bd18ea70003927eb76051ca7e894a9cab0c25091	7754
05	property_balanced_chembl	implementation	analysis/property_balanced_chembl/scripts/validate_random_extension.py	source/analysis/property_balanced_chembl/scripts/validate_random_extension.py	0cffdd12a4968a2c993dcb5a351479fe8dce6f075672eaf78622b49bad620ba2	1815
05	property_balanced_chembl	historical_environment_or_contract	analysis/property_balanced_chembl/README.md	source/analysis/property_balanced_chembl/README.md	e7df8fef64a065c9deaf903d326e390a1d1eda1517f62e125b587486b58fedd6	2508
05	property_balanced_chembl	historical_environment_or_contract	analysis/property_balanced_chembl/EXPERIMENT_CONTRACT.md	source/analysis/property_balanced_chembl/EXPERIMENT_CONTRACT.md	4bae0c8c0941098351474a6e7c1f73247bd3b2eec3617113908d2da3ff3ace5e	6679
05	chembl_c3_appendon	implementation	analysis/chembl_c3_appendon/scripts/aggregate_c3_appendon.py	source/analysis/chembl_c3_appendon/scripts/aggregate_c3_appendon.py	b56184ad71e99f4f5b6d7eacc1b90cfa843c7b8878e63b1c36f4c47b54c18fd9	16124
05	chembl_c3_appendon	implementation	analysis/chembl_c3_appendon/scripts/build_cpu_contract.py	source/analysis/chembl_c3_appendon/scripts/build_cpu_contract.py	c9e14e29464ad8976d1804c63d6ec6723b0bc6635f727fd7ea430934edc9b348	8450
05	chembl_c3_appendon	implementation	analysis/chembl_c3_appendon/scripts/infer_c3_appendon.py	source/analysis/chembl_c3_appendon/scripts/infer_c3_appendon.py	c762f6e287d32a62584f107e4e51c19e018dc94411f4a5255fa565f085e35ea8	23190
05	chembl_c3_appendon	implementation	analysis/chembl_c3_appendon/scripts/run_gpu.sh	source/analysis/chembl_c3_appendon/scripts/run_gpu.sh	941bcd0c4b841a100fa20178841252e2e1f44b9a1a044770daf3038451c4bf96	5090
05	chembl_c3_appendon	implementation	analysis/chembl_c3_appendon/scripts/validate_cpu_contract.py	source/analysis/chembl_c3_appendon/scripts/validate_cpu_contract.py	c1b7160330a6cfb8b477bced42c67974bedf11015fb3e8fdfa960ae697ac7bab	4566
05	chembl_c3_appendon	historical_environment_or_contract	analysis/chembl_c3_appendon/README.md	source/analysis/chembl_c3_appendon/README.md	9c6f686b47a85784f595d8f8293296f9b39b8192e4c928d1dc13e695a76a319c	1459
05	chembl_c3_appendon	historical_environment_or_contract	analysis/chembl_c3_appendon/EXPERIMENT_CONTRACT.md	source/analysis/chembl_c3_appendon/EXPERIMENT_CONTRACT.md	0d3949940b56821e14dd4ddfe6047441457939380efc7735b8a40c45a5618583	2601
05	ligand_anchored_chembl	implementation	analysis/ligand_anchored_chembl/scripts/aggregate.py	source/analysis/ligand_anchored_chembl/scripts/aggregate.py	3f55d322f04adfb539cb7d7952026f04114ce7a27215a47be65b61c2cc0dc5a2	10205
05	ligand_anchored_chembl	implementation	analysis/ligand_anchored_chembl/scripts/build_contract.py	source/analysis/ligand_anchored_chembl/scripts/build_contract.py	8f88ff3a10b967d2afa79f39f7cfbf7aca4ea86f01b23aa885f4fad21fbdf0ef	3445
05	ligand_anchored_chembl	implementation	analysis/ligand_anchored_chembl/scripts/run_gpu.sh	source/analysis/ligand_anchored_chembl/scripts/run_gpu.sh	d476b45d80e86528e861a4b5ebe4c15ad21d4a129c85834cf7623689489ba29e	1969
05	ligand_anchored_chembl	implementation	analysis/ligand_anchored_chembl/scripts/runtime.py	source/analysis/ligand_anchored_chembl/scripts/runtime.py	e732e58565b11a38d3f4202604c2912bf66cb63f175d1d2c4a1e642255da8cec	13870
05	ligand_anchored_chembl	implementation	analysis/ligand_anchored_chembl/scripts/shared.py	source/analysis/ligand_anchored_chembl/scripts/shared.py	2e9d75cf47831680059dfa396aa4d599a8173d88edced5c6e189e49d8b738d42	4361
05	ligand_anchored_chembl	implementation	analysis/ligand_anchored_chembl/scripts/status.py	source/analysis/ligand_anchored_chembl/scripts/status.py	1fe07bb74307de96ee6cf97e90425a62a11d64537eaa048efdf1e4bdce82d200	762
05	ligand_anchored_chembl	implementation	analysis/ligand_anchored_chembl/scripts/test_pipeline.py	source/analysis/ligand_anchored_chembl/scripts/test_pipeline.py	6d95aa41338b1698f28192b0bf73fa4c2afad0fd0a7ad49a9391f468eae0dcca	2886
05	ligand_anchored_chembl	implementation	analysis/ligand_anchored_chembl/scripts/transfer.py	source/analysis/ligand_anchored_chembl/scripts/transfer.py	d3cf3843398ba8871660a9f589d48c463a5fb37a3b7f9fb32dd2de792a3d08d2	2876
05	ligand_anchored_chembl	historical_environment_or_contract	analysis/ligand_anchored_chembl/README.md	source/analysis/ligand_anchored_chembl/README.md	9da433bd4a4b7a0102d1d0e1b9380128ef3881ae6920cfffaf7d083fefb59c7f	7039
05	ligand_anchored_chembl	historical_environment_or_contract	analysis/ligand_anchored_chembl/requirements-cpu.txt	source/analysis/ligand_anchored_chembl/requirements-cpu.txt	92996d7b60a7af7ddbee9aef072ea7bd738593269913808dd4da1e50f6052083	24
05	ligand_anchored_chembl	historical_environment_or_contract	analysis/ligand_anchored_chembl/requirements-gpu.txt	source/analysis/ligand_anchored_chembl/requirements-gpu.txt	92b92913a78ac1b9c7cb10e7204bfa8b8dea926538f7cbabfb3f3934d62d7ae5	41
05	chembl_four_cohort_completion	implementation	analysis/chembl_four_cohort_completion/scripts/aggregate.py	source/analysis/chembl_four_cohort_completion/scripts/aggregate.py	c222960f5b9350c126838e41635afc6600e52c9c1c5b7900d990072239d3c996	11164
05	chembl_four_cohort_completion	implementation	analysis/chembl_four_cohort_completion/scripts/assemble.py	source/analysis/chembl_four_cohort_completion/scripts/assemble.py	a346e1dd197ce6a01d3e473b8389a173c6087983a36a1537852fc9dd504b1963	2949
05	chembl_four_cohort_completion	implementation	analysis/chembl_four_cohort_completion/scripts/bootstrap.py	source/analysis/chembl_four_cohort_completion/scripts/bootstrap.py	621818f4d8f1ac823781f75e0c28a071686b2eb57b3bb4f7501f337aafa66db6	2662
05	chembl_four_cohort_completion	implementation	analysis/chembl_four_cohort_completion/scripts/build_contract.py	source/analysis/chembl_four_cohort_completion/scripts/build_contract.py	1cf1319a4f0cb569cd55b139fb52c518770bbad65356e29e117f199a80562d7b	7316
05	chembl_four_cohort_completion	implementation	analysis/chembl_four_cohort_completion/scripts/check_paths.py	source/analysis/chembl_four_cohort_completion/scripts/check_paths.py	46206f06289f4e6cdb417507db6be12ef41a8fd9e0516a902e7d9033ae3c0883	1031
05	chembl_four_cohort_completion	implementation	analysis/chembl_four_cohort_completion/scripts/common.py	source/analysis/chembl_four_cohort_completion/scripts/common.py	a770807ea67cf142f349be53d277140ce87acba97c702ff88b700ff3377adae5	4763
05	chembl_four_cohort_completion	implementation	analysis/chembl_four_cohort_completion/scripts/run_gpu.sh	source/analysis/chembl_four_cohort_completion/scripts/run_gpu.sh	b7aecd1a5e3d8dff8452a6ce10fb0d1b0228ea725e328e3a830125ce756004ef	1927
05	chembl_four_cohort_completion	implementation	analysis/chembl_four_cohort_completion/scripts/runtime.py	source/analysis/chembl_four_cohort_completion/scripts/runtime.py	968ab5721963fa53986d26214d1d4e714bd9024fdde13c917672f68a918d730e	10401
05	chembl_four_cohort_completion	implementation	analysis/chembl_four_cohort_completion/scripts/status.py	source/analysis/chembl_four_cohort_completion/scripts/status.py	4ff429ed055ce460fc20ed1648f86d6c159b53aaecf4d97e299ca5f7ed3f214b	693
05	chembl_four_cohort_completion	implementation	analysis/chembl_four_cohort_completion/scripts/test_pipeline.py	source/analysis/chembl_four_cohort_completion/scripts/test_pipeline.py	ba10a76097f2a76cd00fdbb1f5b9550596978eaa59e7ef058635ea42b91e3218	7333
05	chembl_four_cohort_completion	implementation	analysis/chembl_four_cohort_completion/scripts/transfer.py	source/analysis/chembl_four_cohort_completion/scripts/transfer.py	8c900509270926fcbf2c5d3e82beee925651c8d5176024c919c1efdfa1cbffd4	2098
05	chembl_four_cohort_completion	historical_environment_or_contract	analysis/chembl_four_cohort_completion/README.md	source/analysis/chembl_four_cohort_completion/README.md	e7acbd62c3f31f9036fed3464798ebb0a34d0ba7df2c171dd0f1f74cacb6f2d3	9074
05	chembl_four_cohort_completion	historical_environment_or_contract	analysis/chembl_four_cohort_completion/requirements-cpu.txt	source/analysis/chembl_four_cohort_completion/requirements-cpu.txt	5c9438b32f8afa1d3769f0ec3427406a541b57fc024774ed929c233d6aef80fa	32
05	chembl_four_cohort_completion	historical_environment_or_contract	analysis/chembl_four_cohort_completion/requirements-gpu.txt	source/analysis/chembl_four_cohort_completion/requirements-gpu.txt	aa46e327f417ff23128ff4802cd07aa4cd7e15b886756e5e64b08e6281bbbb41	46
05	ligand_chemistry_balancing	shared_dependency	analysis/ligand_chemistry_balancing/scripts/train_balanced_models.py	source/analysis/ligand_chemistry_balancing/scripts/train_balanced_models.py	f854a291b89bab6e33d9bd62e077145242675e8dc6492a2952e66124f81bc3e6	14493
06	chembl_competitive_docking_v2	implementation	analysis/chembl_competitive_docking_v2/scripts/analyze_results.py	source/analysis/chembl_competitive_docking_v2/scripts/analyze_results.py	abfded436efa371c85e7f75575e155fde5beeba955c4d5a98e85c636d4e01da4	20344
06	chembl_competitive_docking_v2	implementation	analysis/chembl_competitive_docking_v2/scripts/build_jobs.py	source/analysis/chembl_competitive_docking_v2/scripts/build_jobs.py	4451f92e12554788f3fc4585537734cb8f39c0535b284c652aecc0e74c2222ed	7223
06	chembl_competitive_docking_v2	implementation	analysis/chembl_competitive_docking_v2/scripts/prepare_inputs.py	source/analysis/chembl_competitive_docking_v2/scripts/prepare_inputs.py	2a3fbdba059cc56208ae78b7f210b90b11fa7f79405c9ffa9459553b964c677b	28349
06	chembl_competitive_docking_v2	implementation	analysis/chembl_competitive_docking_v2/scripts/run_cpu.sh	source/analysis/chembl_competitive_docking_v2/scripts/run_cpu.sh	5f87bbe2311f4566b5f27e972ca64f9e23f9de5d864baeb1c82028f857abd1f6	2554
06	chembl_competitive_docking_v2	implementation	analysis/chembl_competitive_docking_v2/scripts/run_docking_parallel.py	source/analysis/chembl_competitive_docking_v2/scripts/run_docking_parallel.py	f4f1ff6967b4c29bf752bd0849cb107462f7ecb1418d075347d7bf5dc4b3531a	4429
06	chembl_competitive_docking_v2	implementation	analysis/chembl_competitive_docking_v2/scripts/run_one_job.py	source/analysis/chembl_competitive_docking_v2/scripts/run_one_job.py	3b11b4f847a28e680eb63d2433c285b56618f1948c902e2694acc8112ba05aa9	3963
06	chembl_competitive_docking_v2	implementation	analysis/chembl_competitive_docking_v2/scripts/status.py	source/analysis/chembl_competitive_docking_v2/scripts/status.py	e89493fa34aa695b8e174e5157a1e1ea0ccff4e87d2551c35e54562f00f892e6	3570
06	chembl_competitive_docking_v2	historical_environment_or_contract	analysis/chembl_competitive_docking_v2/README.md	source/analysis/chembl_competitive_docking_v2/README.md	b6c0d6cf6e103344a52ae232a3beefd5d7e8698ba8355a99484597267473aaa6	4478
07	biolip_bayesian_ranking_revision	implementation	analysis/biolip_bayesian_ranking_revision/scripts/01_freeze_orthosteric_sources.py	source/analysis/biolip_bayesian_ranking_revision/scripts/01_freeze_orthosteric_sources.py	61d5e5c6011a3a9d6b3f57574c5f60192ea883fc81b3b3d88b2fa2ddfe18ef79	20019
07	biolip_bayesian_ranking_revision	implementation	analysis/biolip_bayesian_ranking_revision/scripts/02_apply_biolip_manual_audit.py	source/analysis/biolip_bayesian_ranking_revision/scripts/02_apply_biolip_manual_audit.py	8514289b382752801130dc5e484bd80979129e175a54364b22632a93ad255a8f	26866
07	biolip_bayesian_ranking_revision	implementation	analysis/biolip_bayesian_ranking_revision/scripts/03_inventory_existing_structure_assets.py	source/analysis/biolip_bayesian_ranking_revision/scripts/03_inventory_existing_structure_assets.py	dff7308d1171bf8e5b98ee72c022229b5a3863301697ee3af5bc7d6bc70cf173	37902
07	biolip_bayesian_ranking_revision	implementation	analysis/biolip_bayesian_ranking_revision/scripts/04a_build_exact_observation_master.py	source/analysis/biolip_bayesian_ranking_revision/scripts/04a_build_exact_observation_master.py	f73a212a71b7d18ea86b02f29df093f5585b0ac5af092b675ccb9f3d4ab5d4ec	51271
07	biolip_bayesian_ranking_revision	implementation	analysis/biolip_bayesian_ranking_revision/scripts/04b_validate_cached_author_mapping.py	source/analysis/biolip_bayesian_ranking_revision/scripts/04b_validate_cached_author_mapping.py	9de8b303ce018e343b3584cefefc2d15d0372ed2ae7827da46458fe8fd2a3ad2	13341
07	biolip_bayesian_ranking_revision	implementation	analysis/biolip_bayesian_ranking_revision/scripts/04c_finalize_checkpoint4.py	source/analysis/biolip_bayesian_ranking_revision/scripts/04c_finalize_checkpoint4.py	c89997fcfa318946e974b54799ecad5468b366532b323fda9821cb8c6982220c	13248
07	biolip_bayesian_ranking_revision	implementation	analysis/biolip_bayesian_ranking_revision/scripts/05_link_exact_site_references.py	source/analysis/biolip_bayesian_ranking_revision/scripts/05_link_exact_site_references.py	4d865df133b23c2735c46e0bd2b610041fcb6576347d11024e420a11f4bfc94e	46949
07	biolip_bayesian_ranking_revision	implementation	analysis/biolip_bayesian_ranking_revision/scripts/05_validate_exact_site_references.py	source/analysis/biolip_bayesian_ranking_revision/scripts/05_validate_exact_site_references.py	a659428069d3c59e0568f3e09b7ba677a6ebb388061729d56bc37dab04220879	14656
07	biolip_bayesian_ranking_revision	implementation	analysis/biolip_bayesian_ranking_revision/scripts/06_compare_and_freeze_distance.py	source/analysis/biolip_bayesian_ranking_revision/scripts/06_compare_and_freeze_distance.py	4369ebc4d4bf23629e6e0c7020bc6bb653caefd5968fa69b94afdf021e8297ff	40706
07	biolip_bayesian_ranking_revision	implementation	analysis/biolip_bayesian_ranking_revision/scripts/06_validate_distance_definition.py	source/analysis/biolip_bayesian_ranking_revision/scripts/06_validate_distance_definition.py	b74cb4d9ad6c9e1b2a97c4a06418f1db099f17634ad53961b77224e5b6f8fccb	16330
07	biolip_bayesian_ranking_revision	implementation	analysis/biolip_bayesian_ranking_revision/scripts/06a_fetch_missing_reference_coordinates.py	source/analysis/biolip_bayesian_ranking_revision/scripts/06a_fetch_missing_reference_coordinates.py	b03cdd9fe39bb6301fb5f3fe392c698bca441efa076a03b273b4086110665d21	3557
07	biolip_bayesian_ranking_revision	implementation	analysis/biolip_bayesian_ranking_revision/scripts/07_compare_ranking_features.py	source/analysis/biolip_bayesian_ranking_revision/scripts/07_compare_ranking_features.py	075d830f573b986a26bd21df18e3cea9dba90db5a76cc7dd56d055a45d19f8df	29144
07	biolip_bayesian_ranking_revision	implementation	analysis/biolip_bayesian_ranking_revision/scripts/07_validate_feature_ablation.py	source/analysis/biolip_bayesian_ranking_revision/scripts/07_validate_feature_ablation.py	3b760ca575beb4a2e6201e32797716311b89af4a32ad75fd970dc0f88e4f20a1	14984
07	biolip_bayesian_ranking_revision	implementation	analysis/biolip_bayesian_ranking_revision/scripts/07a_compute_reference_ligand_descriptors.py	source/analysis/biolip_bayesian_ranking_revision/scripts/07a_compute_reference_ligand_descriptors.py	df7de379cd13cadee7810a51ef0cb3e72e36961d46abca68199e057304d42715	6174
07	biolip_bayesian_ranking_revision	implementation	analysis/biolip_bayesian_ranking_revision/scripts/07b_compare_likelihood_estimators.py	source/analysis/biolip_bayesian_ranking_revision/scripts/07b_compare_likelihood_estimators.py	7473b0f67eb7fa1a358cf7c8822d0cc184bedaef70bf4a456e72bb089444fac8	21126
07	biolip_bayesian_ranking_revision	implementation	analysis/biolip_bayesian_ranking_revision/scripts/07b_validate_likelihood_estimators.py	source/analysis/biolip_bayesian_ranking_revision/scripts/07b_validate_likelihood_estimators.py	ea079c7c6112e9f931f9ab03850999b77306b4fb0f4a4e1bde427d941af08fb3	22292
07	biolip_bayesian_ranking_revision	implementation	analysis/biolip_bayesian_ranking_revision/scripts/08_evaluate_heldout_rankings.py	source/analysis/biolip_bayesian_ranking_revision/scripts/08_evaluate_heldout_rankings.py	38dd55476b4882dc377a11ad8c856df149d591be3b8dc3fc1675cd18826a9317	37342
07	biolip_bayesian_ranking_revision	implementation	analysis/biolip_bayesian_ranking_revision/scripts/08_validate_heldout_rankings.py	source/analysis/biolip_bayesian_ranking_revision/scripts/08_validate_heldout_rankings.py	7feb5ebe5a4d484bdcbe9210343baa7b87daa7cc286984da5780d9688167b7df	29658
07	biolip_bayesian_ranking_revision	implementation	analysis/biolip_bayesian_ranking_revision/scripts/08a_prepare_heldout_splits.py	source/analysis/biolip_bayesian_ranking_revision/scripts/08a_prepare_heldout_splits.py	1246d77f555be7c30b72a14c8fde980a9a78f90256985d19602431dc66548297	22264
07	biolip_bayesian_ranking_revision	implementation	analysis/biolip_bayesian_ranking_revision/scripts/08a_validate_heldout_splits.py	source/analysis/biolip_bayesian_ranking_revision/scripts/08a_validate_heldout_splits.py	f7c431d8cd3058d1d9b5a1cb347b258a29d2688733dd4e384aa9d304e5c0db59	11070
07	biolip_bayesian_ranking_revision	implementation	analysis/biolip_bayesian_ranking_revision/scripts/09_validate_unlabelled_rankings.py	source/analysis/biolip_bayesian_ranking_revision/scripts/09_validate_unlabelled_rankings.py	281fe4dd4c6e8deecb9238e6c57f93faaa6aae5d7b55a02560eb07035183913a	12453
07	biolip_bayesian_ranking_revision	implementation	analysis/biolip_bayesian_ranking_revision/scripts/09a_prepare_unlabelled_universe.py	source/analysis/biolip_bayesian_ranking_revision/scripts/09a_prepare_unlabelled_universe.py	99e8c2d2be00ea3bc21f08f34d0bef61ed6b77dc81f39fce2847a7ad3408f822	12788
07	biolip_bayesian_ranking_revision	implementation	analysis/biolip_bayesian_ranking_revision/scripts/09b_fetch_candidate_assets.py	source/analysis/biolip_bayesian_ranking_revision/scripts/09b_fetch_candidate_assets.py	3e4634b39edbc4445e4c660336a0d2960fdf82b90f9a4f01a97940d4498f0702	10894
07	biolip_bayesian_ranking_revision	implementation	analysis/biolip_bayesian_ranking_revision/scripts/09c_compute_candidate_geometry.py	source/analysis/biolip_bayesian_ranking_revision/scripts/09c_compute_candidate_geometry.py	683c55b01978759619b4aa70ec0fd3084b8cf465a5483fc1a7aa998849b0cf33	23290
07	biolip_bayesian_ranking_revision	implementation	analysis/biolip_bayesian_ranking_revision/scripts/09d_compute_candidate_descriptors.py	source/analysis/biolip_bayesian_ranking_revision/scripts/09d_compute_candidate_descriptors.py	1494f0a9515fcf8d07d40f2d071ff896f8437d69b456908d1dee2d8d195eef41	4446
07	biolip_bayesian_ranking_revision	implementation	analysis/biolip_bayesian_ranking_revision/scripts/09e_score_unlabelled_rankings.py	source/analysis/biolip_bayesian_ranking_revision/scripts/09e_score_unlabelled_rankings.py	d4c8f7f432a8d1dd2498f2a36384f418ac57184e7fcc544bfdced1b741f97980	38864
07	biolip_bayesian_ranking_revision	implementation	analysis/biolip_bayesian_ranking_revision/scripts/10_filter_ranked_candidates.py	source/analysis/biolip_bayesian_ranking_revision/scripts/10_filter_ranked_candidates.py	22fcd6abba384a2bfb347fc261a0355b2f5c179aac837df7622a6a3e61c765a2	27337
07	biolip_bayesian_ranking_revision	implementation	analysis/biolip_bayesian_ranking_revision/scripts/10_validate_candidate_filtering.py	source/analysis/biolip_bayesian_ranking_revision/scripts/10_validate_candidate_filtering.py	4109ef297b5d012bb7b54567e57ee01af8e9ac73c764b02daea5f033b639fca9	5335
07	biolip_bayesian_ranking_revision	historical_environment_or_contract	analysis/biolip_bayesian_ranking_revision/README.md	source/analysis/biolip_bayesian_ranking_revision/README.md	3177d9ad38e7c44c40b588c381f1edee3ceec1b57873fd34f9c52c6f9c5f2a95	14890
07	biolip_consensus60_pipeline_v2	implementation	analysis/biolip_consensus60_pipeline_v2/scripts/analysis_steps.py	source/analysis/biolip_consensus60_pipeline_v2/scripts/analysis_steps.py	2b50e0030d74eef462ea6a8e07d1e15e5ebc14c8de19b3fe9f6b3bf0eefb6496	7548
07	biolip_consensus60_pipeline_v2	implementation	analysis/biolip_consensus60_pipeline_v2/scripts/common.py	source/analysis/biolip_consensus60_pipeline_v2/scripts/common.py	61d0c8808cf6ddb5431985b9fcb0e64250a27aa5f4f50a733259d5572a63c15b	4491
07	biolip_consensus60_pipeline_v2	implementation	analysis/biolip_consensus60_pipeline_v2/scripts/freeze_package.py	source/analysis/biolip_consensus60_pipeline_v2/scripts/freeze_package.py	1e11ba51cd33f58a1c84ceaf1efe91790f6e0558bd40eb1b09f0d7a82955e0e4	4352
07	biolip_consensus60_pipeline_v2	implementation	analysis/biolip_consensus60_pipeline_v2/scripts/make_report.py	source/analysis/biolip_consensus60_pipeline_v2/scripts/make_report.py	bce358f971bf2da854783aba3517db191b4227b9727a4bef34f27e74ad9ed3ed	4131
07	biolip_consensus60_pipeline_v2	implementation	analysis/biolip_consensus60_pipeline_v2/scripts/run_local.sh	source/analysis/biolip_consensus60_pipeline_v2/scripts/run_local.sh	e8c9e8f2a3c78ea42a4c7c18ab91355369f79b395e5618dfd90fe8bb7aaec444	565
07	biolip_consensus60_pipeline_v2	implementation	analysis/biolip_consensus60_pipeline_v2/scripts/run_pipeline.py	source/analysis/biolip_consensus60_pipeline_v2/scripts/run_pipeline.py	458d6b4e135e1eb855a579af61bd646a4d37a3ddd644c2da436f36f013867136	17148
07	biolip_consensus60_pipeline_v2	implementation	analysis/biolip_consensus60_pipeline_v2/scripts/spatial.py	source/analysis/biolip_consensus60_pipeline_v2/scripts/spatial.py	831b829fb286719cb5020a95db513c55a15f9aa0753d63b77a5eb44bc9c3bf81	6056
07	biolip_consensus60_pipeline_v2	implementation	analysis/biolip_consensus60_pipeline_v2/scripts/test_pipeline.py	source/analysis/biolip_consensus60_pipeline_v2/scripts/test_pipeline.py	79188f777fa6a051f5cecc4f0f34b2bd2ec9b85d48828e58ad828e0dc25753d3	8980
07	biolip_consensus60_pipeline_v2	implementation	analysis/biolip_consensus60_pipeline_v2/scripts/validate_pipeline.py	source/analysis/biolip_consensus60_pipeline_v2/scripts/validate_pipeline.py	ba2e9464fb41959a92a4285a1a26864b0bef759d240d71f684b8059744c97288	15473
07	biolip_consensus60_pipeline_v2	historical_environment_or_contract	analysis/biolip_consensus60_pipeline_v2/README.md	source/analysis/biolip_consensus60_pipeline_v2/README.md	8e595be91fb3e40789a1a148c4acdf5f7ab122780746e044ad0ca972a8cb7a1f	10587
08	biolip_neural_ranking_comparison	implementation	analysis/biolip_neural_ranking_comparison/scripts/common.py	source/analysis/biolip_neural_ranking_comparison/scripts/common.py	9fc557415afcb14f74e92f7d39fbaa9b3c5476520fac962a335d85a1ae113a65	2089
08	biolip_neural_ranking_comparison	implementation	analysis/biolip_neural_ranking_comparison/scripts/prepare.py	source/analysis/biolip_neural_ranking_comparison/scripts/prepare.py	6d73785e5c68be8b99d9e87e025f70b13f9b363bf93e20b0765dbdfd99393758	7291
08	biolip_neural_ranking_comparison	implementation	analysis/biolip_neural_ranking_comparison/scripts/run_comparison.py	source/analysis/biolip_neural_ranking_comparison/scripts/run_comparison.py	7317ef530cf15f4abf8db7b00dbbb6512d8871dbcb7c8426e7dbd7c8b8d60a87	9677
08	biolip_neural_ranking_comparison	implementation	analysis/biolip_neural_ranking_comparison/scripts/run_local.sh	source/analysis/biolip_neural_ranking_comparison/scripts/run_local.sh	ba71af2737c08a110bf37a5934ba443197d0c484472c7b445958ed5b6d6d8582	593
08	biolip_neural_ranking_comparison	implementation	analysis/biolip_neural_ranking_comparison/scripts/statistics_core.py	source/analysis/biolip_neural_ranking_comparison/scripts/statistics_core.py	8b43736b24af7950024f54a4fe5017e465ed92e69e3ecb92ce74adc9fb88d59d	1359
08	biolip_neural_ranking_comparison	implementation	analysis/biolip_neural_ranking_comparison/scripts/test_statistics.py	source/analysis/biolip_neural_ranking_comparison/scripts/test_statistics.py	337b4b0cc7c6411c0bf369437e732809b8b37a2348dc9130b7b9510730f46849	2274
08	biolip_neural_ranking_comparison	historical_environment_or_contract	analysis/biolip_neural_ranking_comparison/README.md	source/analysis/biolip_neural_ranking_comparison/README.md	02e3df4c64af25a98babf490fccdd5a078970a1027bdc0c88ed1fa0a6de8a475	6294
